-- Generation time: Sat, 21 Dec 2019 17:18:08 +0000
-- Host: mysql.hostinger.ro
-- DB name: u574849695_25
/*!40030 SET NAMES UTF8 */;
/*!40101 SET @OLD_CHARACTER_SET_CLIENT=@@CHARACTER_SET_CLIENT */;
/*!40101 SET @OLD_CHARACTER_SET_RESULTS=@@CHARACTER_SET_RESULTS */;
/*!40101 SET @OLD_COLLATION_CONNECTION=@@COLLATION_CONNECTION */;
/*!40103 SET @OLD_TIME_ZONE=@@TIME_ZONE */;
/*!40103 SET TIME_ZONE='+00:00' */;
/*!40014 SET @OLD_UNIQUE_CHECKS=@@UNIQUE_CHECKS, UNIQUE_CHECKS=0 */;
/*!40014 SET @OLD_FOREIGN_KEY_CHECKS=@@FOREIGN_KEY_CHECKS, FOREIGN_KEY_CHECKS=0 */;
/*!40101 SET @OLD_SQL_MODE=@@SQL_MODE, SQL_MODE='NO_AUTO_VALUE_ON_ZERO' */;
/*!40111 SET @OLD_SQL_NOTES=@@SQL_NOTES, SQL_NOTES=0 */;

DROP TABLE IF EXISTS `artists`;
CREATE TABLE `artists` (
  `id` bigint(20) unsigned NOT NULL AUTO_INCREMENT,
  `name` varchar(255) COLLATE utf8_unicode_ci NOT NULL,
  PRIMARY KEY (`id`)
) ENGINE=InnoDB AUTO_INCREMENT=14 DEFAULT CHARSET=utf8 COLLATE=utf8_unicode_ci;

INSERT INTO `artists` VALUES ('1','dignissimos'),
('2','quisquam'),
('3','tenetur'),
('4','maxime'),
('5','nihil'),
('6','ut'),
('7','et'),
('8','amet'),
('9','omnis'),
('10','non'),
('11','dicta'),
('12','aliquam'),
('13','dolores'); 


DROP TABLE IF EXISTS `communities`;
CREATE TABLE `communities` (
  `id` bigint(20) unsigned NOT NULL AUTO_INCREMENT,
  `name` varchar(150) COLLATE utf8_unicode_ci DEFAULT NULL,
  PRIMARY KEY (`id`),
  KEY `communities_name_idx` (`name`)
) ENGINE=InnoDB AUTO_INCREMENT=26 DEFAULT CHARSET=utf8 COLLATE=utf8_unicode_ci;

INSERT INTO `communities` VALUES ('8','accusantium'),
('18','amet'),
('12','consectetur'),
('2','cupiditate'),
('24','debitis'),
('9','earum'),
('6','enim'),
('16','enim'),
('14','et'),
('17','ipsa'),
('19','labore'),
('23','labore'),
('4','optio'),
('7','perferendis'),
('13','quia'),
('10','sed'),
('1','sunt'),
('21','suscipit'),
('25','totam'),
('3','ut'),
('5','ut'),
('15','velit'),
('20','voluptate'),
('22','voluptate'),
('11','voluptates'); 


DROP TABLE IF EXISTS `friend_requests`;
CREATE TABLE `friend_requests` (
  `initiator_user_id` bigint(20) unsigned NOT NULL,
  `target_user_id` bigint(20) unsigned NOT NULL,
  `status` enum('requested','approved','unfriended','declined') COLLATE utf8_unicode_ci DEFAULT NULL,
  `requested_at` datetime DEFAULT current_timestamp(),
  `confirmed_at` datetime DEFAULT NULL,
  PRIMARY KEY (`initiator_user_id`,`target_user_id`),
  KEY `initiator_user_id` (`initiator_user_id`),
  KEY `target_user_id` (`target_user_id`),
  CONSTRAINT `friend_requests_ibfk_1` FOREIGN KEY (`initiator_user_id`) REFERENCES `users` (`id`),
  CONSTRAINT `friend_requests_ibfk_2` FOREIGN KEY (`target_user_id`) REFERENCES `users` (`id`)
) ENGINE=InnoDB DEFAULT CHARSET=utf8 COLLATE=utf8_unicode_ci;

INSERT INTO `friend_requests` VALUES ('1','1','approved','1985-11-03 00:07:51','1991-11-20 04:05:40'),
('2','2','declined','2004-10-01 07:19:30','2010-06-15 19:28:18'),
('3','3','unfriended','1995-02-24 23:36:18','2016-11-13 12:29:20'),
('4','4','declined','1972-10-09 11:45:07','1996-07-26 01:59:45'),
('5','5','approved','1992-06-08 05:44:14','2015-04-30 07:28:46'),
('6','6','declined','1985-04-23 21:49:15','2016-01-28 13:53:32'),
('7','7','unfriended','1986-03-05 04:28:10','1993-05-15 14:24:11'),
('8','8','declined','1983-09-13 17:11:09','2010-12-03 14:54:54'),
('9','9','declined','1985-11-15 15:03:55','2006-11-07 20:24:32'),
('10','10','approved','1986-08-30 02:34:27','2006-03-26 08:26:20'),
('11','11','requested','1983-06-02 17:27:01','1995-11-07 02:56:33'),
('12','12','requested','1995-12-07 03:43:41','2000-02-15 21:08:27'),
('13','13','approved','1988-07-25 09:19:56','2007-12-09 19:23:32'),
('14','14','unfriended','1985-05-01 15:58:39','1980-08-01 18:38:54'),
('15','15','unfriended','2018-08-14 15:06:04','2014-09-29 16:26:20'),
('16','16','unfriended','2009-12-07 08:15:31','1995-05-09 16:16:50'),
('17','17','requested','1987-06-12 06:56:54','1986-12-06 11:29:07'),
('18','18','declined','1996-08-10 03:45:46','1984-06-16 04:38:07'),
('19','19','approved','2013-01-13 21:50:33','2015-09-28 18:27:10'),
('20','20','declined','1979-05-13 21:18:32','2001-08-06 05:20:31'),
('21','21','requested','1974-08-10 19:29:14','2011-07-21 15:42:52'),
('22','22','requested','2007-11-01 11:52:28','2009-10-29 19:44:07'),
('23','23','requested','1986-01-29 11:48:36','1972-05-22 23:28:03'),
('24','24','unfriended','2012-07-24 14:33:54','2007-10-08 11:13:24'),
('25','25','requested','1995-10-14 01:50:12','1975-03-27 05:06:17'),
('26','26','approved','1976-03-18 11:58:44','2015-05-24 08:52:39'),
('27','27','requested','1982-10-28 22:03:03','2014-02-23 05:57:08'),
('28','28','unfriended','2019-06-19 21:02:19','1985-04-22 02:39:08'),
('29','29','unfriended','1976-02-03 18:44:13','2000-01-31 16:42:49'),
('30','30','declined','1977-11-22 21:38:07','2007-09-02 17:39:44'),
('31','31','declined','2009-09-09 17:27:31','1991-02-01 12:10:01'),
('32','32','declined','1999-12-05 15:44:48','2002-11-14 08:51:14'),
('33','33','declined','2000-03-17 18:20:35','1987-04-22 06:46:12'),
('34','34','declined','2001-05-28 21:45:51','1971-01-20 23:44:38'),
('35','35','approved','2014-11-22 13:15:08','1973-12-21 06:40:10'),
('36','36','approved','1981-10-10 02:58:17','2016-07-15 03:19:47'),
('37','37','declined','2017-07-27 14:28:11','1971-05-02 15:51:09'),
('38','38','declined','2013-08-03 02:07:14','1971-02-15 14:11:35'),
('39','39','approved','1996-09-24 21:23:09','1981-07-25 11:39:01'),
('40','40','declined','1977-12-20 13:56:06','1994-08-24 12:56:48'),
('41','41','unfriended','1987-11-15 01:50:10','2017-11-26 17:50:09'),
('42','42','unfriended','1987-04-22 11:16:37','1988-10-28 10:19:54'),
('43','43','requested','1971-09-18 07:52:09','2001-10-06 21:58:37'),
('44','44','requested','2007-09-25 23:18:13','2007-03-21 16:02:12'),
('45','45','approved','2002-08-27 02:21:50','2008-03-20 15:26:41'),
('46','46','declined','2016-10-09 05:56:14','1988-09-15 22:06:05'),
('47','47','requested','2007-12-26 20:17:00','2012-03-17 02:13:59'),
('48','48','declined','1987-06-04 04:58:03','1997-05-31 00:48:54'),
('49','49','unfriended','1978-06-30 08:33:11','1997-06-24 20:56:37'),
('50','50','approved','1981-11-28 18:58:34','1997-01-26 06:13:40'),
('51','51','requested','1986-06-17 00:24:24','1988-09-12 05:02:53'),
('52','52','unfriended','2005-04-21 16:45:50','1989-12-21 03:14:50'),
('53','53','unfriended','1970-12-24 15:00:36','2014-10-11 20:30:46'),
('54','54','approved','2008-05-13 03:31:43','1998-02-03 10:20:26'),
('55','55','unfriended','1999-09-03 12:30:05','1990-12-05 14:45:03'),
('56','56','declined','1991-01-08 18:07:56','1976-08-30 16:44:17'),
('57','57','approved','1972-08-10 06:26:52','2006-06-19 07:56:14'),
('58','58','requested','1990-11-06 13:53:01','2007-02-28 14:22:24'),
('59','59','requested','1997-06-09 21:45:10','1994-06-01 02:20:03'),
('60','60','unfriended','2006-08-11 05:01:51','1976-10-06 07:35:03'),
('61','61','unfriended','2002-09-03 10:40:34','2004-02-03 16:56:38'),
('62','62','requested','2010-02-17 17:10:08','1973-03-10 20:38:43'),
('63','63','declined','1999-04-13 15:30:23','2010-05-15 20:22:28'),
('64','64','unfriended','2006-11-01 20:13:16','1992-08-22 02:14:37'),
('65','65','unfriended','2015-06-16 17:28:33','2011-04-28 15:32:35'),
('66','66','unfriended','1996-02-25 14:38:47','1973-10-02 22:15:14'),
('67','67','requested','1991-06-25 21:53:02','1990-12-04 08:59:44'),
('68','68','requested','1993-10-20 10:45:36','2002-02-16 13:37:44'),
('69','69','requested','1978-04-06 12:37:38','1989-10-29 02:53:37'),
('70','70','unfriended','2004-08-24 06:12:30','2001-12-08 10:33:06'),
('71','71','declined','2015-12-12 17:16:05','1991-12-28 22:26:04'),
('72','72','declined','1980-11-04 07:32:31','2004-11-06 10:58:31'),
('73','73','declined','2017-04-20 18:11:00','2001-07-21 19:40:23'),
('74','74','declined','2017-04-04 10:24:54','2011-07-19 18:32:29'),
('75','75','approved','2001-02-11 01:02:48','1991-02-14 17:56:13'),
('76','76','approved','1979-04-06 20:06:06','2003-10-09 22:59:03'),
('77','77','requested','2009-11-09 15:53:06','1980-07-11 23:47:54'),
('78','78','unfriended','1980-12-28 06:41:38','1981-08-22 01:37:42'),
('79','79','declined','2004-10-10 21:16:42','2004-03-24 11:20:15'),
('80','80','approved','1985-04-30 21:07:35','2002-01-31 20:00:49'),
('81','81','unfriended','1978-07-21 17:57:39','2010-02-15 20:18:50'),
('82','82','requested','1972-09-07 12:32:04','2018-01-22 05:38:11'),
('83','83','requested','1989-08-08 05:57:09','1976-05-10 13:56:55'),
('84','84','requested','1989-12-12 04:12:37','2007-03-15 20:37:28'),
('85','85','approved','1990-07-23 05:45:01','2002-06-09 17:08:10'),
('86','86','declined','2007-07-14 08:07:24','2009-01-04 03:06:54'),
('87','87','approved','1986-09-27 20:33:42','1983-11-11 21:55:39'),
('88','88','declined','1998-09-11 18:10:12','2004-08-31 23:28:45'),
('89','89','requested','2010-04-17 06:00:12','2014-12-15 05:23:42'),
('90','90','declined','1999-09-04 12:03:56','2007-09-02 15:43:03'),
('91','91','requested','1997-06-20 11:42:40','2006-10-20 15:20:02'),
('92','92','requested','1996-08-13 10:08:04','1995-05-15 10:35:59'),
('93','93','requested','2018-12-30 17:08:20','2017-11-02 19:42:55'),
('94','94','requested','1999-10-31 17:13:03','1976-05-01 03:34:39'),
('95','95','requested','2005-12-09 05:32:30','2003-06-03 23:52:20'),
('96','96','unfriended','1989-11-20 14:22:14','1992-12-03 09:25:13'),
('97','97','approved','1982-07-31 09:40:00','1998-03-03 10:47:03'),
('98','98','declined','1972-01-28 17:39:19','1990-05-14 09:11:18'),
('99','99','requested','2001-10-09 20:16:32','2009-06-22 20:39:22'),
('100','100','unfriended','1988-01-02 17:55:18','1991-11-25 00:48:32'); 


DROP TABLE IF EXISTS `likes`;
CREATE TABLE `likes` (
  `id` bigint(20) unsigned NOT NULL AUTO_INCREMENT,
  `user_id` bigint(20) unsigned NOT NULL,
  `media_id` bigint(20) unsigned NOT NULL,
  `created_at` datetime DEFAULT current_timestamp(),
  PRIMARY KEY (`id`)
) ENGINE=InnoDB AUTO_INCREMENT=101 DEFAULT CHARSET=utf8 COLLATE=utf8_unicode_ci;

INSERT INTO `likes` VALUES ('1','1','1','2001-04-03 14:23:11'),
('2','2','2','1992-01-17 17:14:49'),
('3','3','3','1976-02-28 20:31:52'),
('4','4','4','2016-06-19 08:44:13'),
('5','5','5','1972-03-25 17:11:24'),
('6','6','6','2016-07-24 14:15:26'),
('7','7','7','1995-02-15 07:26:02'),
('8','8','8','2018-08-29 08:55:44'),
('9','9','9','1995-06-13 14:04:35'),
('10','10','10','1979-07-31 23:31:46'),
('11','11','11','2018-10-11 21:52:48'),
('12','12','12','1991-01-28 12:24:56'),
('13','13','13','2009-10-01 04:05:50'),
('14','14','14','1987-06-20 01:54:13'),
('15','15','15','2011-08-18 22:09:42'),
('16','16','16','1997-10-27 14:42:03'),
('17','17','17','1977-06-19 13:54:28'),
('18','18','18','1985-08-13 19:58:38'),
('19','19','19','2004-03-29 07:22:31'),
('20','20','20','2012-10-16 06:35:24'),
('21','21','21','2019-07-29 21:24:28'),
('22','22','22','2004-07-13 23:31:33'),
('23','23','23','1979-09-10 12:06:00'),
('24','24','24','1988-02-12 19:29:59'),
('25','25','25','1984-10-08 01:43:30'),
('26','26','26','1990-02-01 11:48:59'),
('27','27','27','1994-03-31 19:51:02'),
('28','28','28','2010-05-09 07:10:58'),
('29','29','29','2008-11-26 05:43:54'),
('30','30','30','2001-12-13 08:52:51'),
('31','31','31','1980-03-28 13:56:08'),
('32','32','32','2014-11-14 14:40:22'),
('33','33','33','1997-03-16 05:40:01'),
('34','34','34','1993-09-04 11:42:02'),
('35','35','35','1977-10-24 23:00:20'),
('36','36','36','2010-02-13 07:38:37'),
('37','37','37','2010-02-13 09:02:09'),
('38','38','38','1997-07-23 14:37:41'),
('39','39','39','1995-01-23 04:12:57'),
('40','40','40','1979-03-22 04:00:34'),
('41','41','41','1996-12-23 16:36:12'),
('42','42','42','2011-01-29 01:48:45'),
('43','43','43','1995-05-21 01:46:21'),
('44','44','44','1983-01-03 11:26:25'),
('45','45','45','1992-09-04 02:33:12'),
('46','46','46','1970-11-12 10:16:15'),
('47','47','47','1985-09-29 06:44:51'),
('48','48','48','1979-10-16 00:30:40'),
('49','49','49','1975-03-07 14:38:32'),
('50','50','50','2009-03-22 01:14:18'),
('51','51','51','1985-02-16 05:04:53'),
('52','52','52','2000-01-13 03:57:50'),
('53','53','53','1985-01-25 16:51:57'),
('54','54','54','2003-01-06 20:56:06'),
('55','55','55','2014-11-01 14:10:22'),
('56','56','56','1986-03-19 11:45:27'),
('57','57','57','2016-03-08 15:20:20'),
('58','58','58','1975-05-26 19:28:24'),
('59','59','59','1983-06-29 02:30:44'),
('60','60','60','1994-08-18 14:01:54'),
('61','61','61','1986-09-05 00:57:42'),
('62','62','62','1993-11-10 05:27:02'),
('63','63','63','2019-10-31 00:32:12'),
('64','64','64','1970-05-09 08:21:35'),
('65','65','65','2009-08-05 19:12:02'),
('66','66','66','1991-11-20 19:29:43'),
('67','67','67','1993-03-18 20:55:24'),
('68','68','68','2007-01-24 06:46:00'),
('69','69','69','1982-05-02 15:12:57'),
('70','70','70','1997-09-10 22:45:17'),
('71','71','71','1983-09-17 04:09:48'),
('72','72','72','1986-12-18 02:04:19'),
('73','73','73','2008-04-09 05:19:38'),
('74','74','74','2013-02-25 04:55:20'),
('75','75','75','1996-05-28 08:55:54'),
('76','76','76','2013-04-03 20:16:05'),
('77','77','77','1991-01-23 05:55:08'),
('78','78','78','1998-03-27 00:48:52'),
('79','79','79','1990-01-26 21:11:39'),
('80','80','80','1989-06-24 16:46:46'),
('81','81','81','1987-04-03 15:56:26'),
('82','82','82','2008-01-31 16:28:59'),
('83','83','83','1998-08-12 07:13:23'),
('84','84','84','1970-12-24 19:36:05'),
('85','85','85','2004-02-25 11:14:04'),
('86','86','86','2010-04-11 23:23:06'),
('87','87','87','1984-05-16 09:18:02'),
('88','88','88','1980-09-04 03:36:32'),
('89','89','89','1979-06-28 22:32:03'),
('90','90','90','2002-12-13 02:28:25'),
('91','91','91','1996-09-22 09:48:13'),
('92','92','92','2003-03-18 19:59:23'),
('93','93','93','1987-10-04 05:16:11'),
('94','94','94','2019-06-09 00:59:04'),
('95','95','95','1996-07-06 09:13:28'),
('96','96','96','2015-08-04 03:04:39'),
('97','97','97','2016-09-14 23:06:19'),
('98','98','98','1994-07-20 15:14:51'),
('99','99','99','1972-09-21 17:28:00'),
('100','100','100','2010-05-25 11:35:03'); 


DROP TABLE IF EXISTS `media`;
CREATE TABLE `media` (
  `id` bigint(20) unsigned NOT NULL AUTO_INCREMENT,
  `media_type_id` bigint(20) unsigned NOT NULL,
  `user_id` bigint(20) unsigned NOT NULL,
  `body` text COLLATE utf8_unicode_ci DEFAULT NULL,
  `filename` varchar(255) COLLATE utf8_unicode_ci DEFAULT NULL,
  `size` int(11) DEFAULT NULL,
  `metadata` longtext CHARACTER SET utf8mb4 COLLATE utf8mb4_bin DEFAULT NULL,
  `created_at` datetime DEFAULT current_timestamp(),
  `updated_at` datetime DEFAULT current_timestamp() ON UPDATE current_timestamp(),
  PRIMARY KEY (`id`),
  KEY `user_id` (`user_id`),
  KEY `media_type_id` (`media_type_id`),
  CONSTRAINT `media_ibfk_1` FOREIGN KEY (`user_id`) REFERENCES `users` (`id`),
  CONSTRAINT `media_ibfk_2` FOREIGN KEY (`media_type_id`) REFERENCES `media_types` (`id`)
) ENGINE=InnoDB AUTO_INCREMENT=271 DEFAULT CHARSET=utf8 COLLATE=utf8_unicode_ci;

INSERT INTO `media` VALUES ('1','1','1','Ut aliquid culpa id officiis. Aliquam omnis vitae autem ipsa laborum. Deleniti rem doloremque est corporis iste. Natus tempora molestias in beatae rem quis. Earum minima illo sit sequi.','cupiditate','7243',NULL,'1976-09-13 19:31:32','2003-08-21 04:11:52'),
('2','2','2','Laudantium voluptas eius earum accusantium. Voluptatem similique itaque facilis. Cupiditate nemo sed ut possimus quibusdam aut. Aut numquam et reprehenderit.','non','9379',NULL,'2014-06-15 17:37:08','1999-01-14 22:57:55'),
('3','3','3','Blanditiis non voluptatem et pariatur perspiciatis. Corrupti tempore velit hic aspernatur. Et nemo reprehenderit exercitationem praesentium est.','recusandae','531061994',NULL,'2003-09-29 11:23:40','1987-02-12 05:00:45'),
('4','4','4','Voluptatem maxime optio esse et velit consequatur. Repellat officiis quia voluptas ea alias et sed. Aliquam animi quisquam et et. Voluptatem qui id amet omnis dolor quia.','unde','0',NULL,'1984-07-11 09:18:10','1986-04-08 08:06:36'),
('5','5','5','Minima non exercitationem magnam animi voluptatem. Dignissimos est in quaerat ipsam molestiae illo. Quia corrupti qui in rerum odit ab deserunt.','consequuntur','5',NULL,'1996-11-06 14:53:55','1999-01-12 03:10:31'),
('6','1','6','Id ut qui magni. Nam ipsam esse hic dolorem reprehenderit cupiditate sequi.','voluptatem','47',NULL,'1977-04-19 20:51:39','1971-02-19 05:53:46'),
('7','2','7','Debitis sed consequuntur rerum unde. Fugit maiores et assumenda tenetur ut sunt laboriosam sed. Dolorem minima voluptatibus alias id ut est animi alias. Rerum minus minus modi id minus fugit.','sed','0',NULL,'1999-12-16 06:36:21','2012-11-03 20:54:13'),
('8','3','8','Debitis ut pariatur est eum nihil. Quod at doloribus molestiae.','iusto','98',NULL,'1991-03-20 13:25:37','1974-06-19 16:37:35'),
('9','4','9','Repellendus velit quod deserunt omnis. Praesentium itaque qui consequatur distinctio quas quis. Reiciendis hic placeat impedit alias accusantium laborum rerum. Numquam necessitatibus omnis voluptates temporibus.','ea','0',NULL,'2016-01-16 01:56:03','2008-09-01 10:18:18'),
('10','5','10','Quis provident explicabo ipsam. Quia iste corporis expedita consequatur aut. Laborum consectetur autem expedita facilis occaecati maxime. Dolor repellat aliquam ab hic autem doloremque inventore.','autem','5',NULL,'2019-04-20 00:54:57','2003-01-31 04:44:40'),
('11','1','11','Error occaecati mollitia corporis incidunt voluptas dicta. Animi iure quos qui in. Officiis cumque inventore architecto voluptates. Velit expedita modi beatae magni earum sunt dolores.','deleniti','911',NULL,'1986-08-12 06:28:26','2003-06-07 23:00:05'),
('12','2','12','Labore dolores quod sit. Saepe qui corrupti culpa non nemo. Ea vel voluptatem saepe aut qui eius id.','qui','859332',NULL,'1984-05-15 16:16:54','1976-01-28 03:52:58'),
('13','3','13','Quibusdam esse consequatur suscipit doloremque non quod aliquam. Quis exercitationem sed ducimus impedit inventore animi vel molestias. Eius cupiditate voluptatem molestiae molestiae.','quos','70142',NULL,'2009-09-19 23:58:35','1994-04-06 10:19:45'),
('14','4','14','Excepturi pariatur sunt quia officia voluptate in debitis. Laboriosam reprehenderit fugiat distinctio dolorem sed odit deserunt provident. Ea culpa nihil fugit ea enim id eos.','nam','622853',NULL,'1996-10-13 09:36:55','2005-05-28 17:59:53'),
('15','5','15','Sed ut repudiandae voluptas ut rem. Aliquid ut aspernatur quam molestiae dignissimos qui ab. Distinctio tempore maxime necessitatibus similique.','eius','0',NULL,'2000-06-06 22:21:26','1988-09-19 21:13:41'),
('16','1','16','Tenetur voluptatem ut eos quibusdam sed enim dicta. Optio laboriosam voluptates rerum beatae ab quis voluptatibus explicabo.','optio','192543',NULL,'1979-11-28 06:26:04','1977-09-12 10:09:23'),
('17','2','17','Quam blanditiis dolores officiis sed. Maxime delectus saepe nesciunt. Accusantium doloribus et repudiandae vero. Omnis quia consectetur eaque non magni.','aperiam','16',NULL,'2018-02-17 02:57:37','1987-09-23 12:36:11'),
('18','3','18','Possimus reprehenderit et error quia ut quibusdam quasi et. Fugiat sit aut vero rem itaque accusamus. Aspernatur voluptatem itaque explicabo eum eveniet mollitia. Sunt nihil quam rerum sequi perspiciatis enim.','et','6',NULL,'1984-09-27 11:01:41','1971-01-09 11:02:06'),
('19','4','19','Et harum quisquam aliquid expedita nemo cum. Rem ut optio ullam ea. Placeat unde dolore praesentium voluptatem ratione quo. Perferendis debitis voluptas praesentium eius eius.','libero','428',NULL,'2005-10-06 04:47:53','2008-06-27 07:56:41'),
('20','5','20','Cupiditate sed rem cumque nemo rerum nesciunt. Architecto ipsa et quis voluptatum nostrum nisi. Incidunt fugiat tempora delectus et deleniti. Dolorum quis dolorem ut laboriosam animi nostrum.','maiores','379688',NULL,'2011-10-03 20:36:59','2005-11-08 12:40:22'),
('21','1','21','Neque blanditiis aperiam similique minima dolores. Debitis tenetur iusto dolorem cupiditate est. Eius ipsum aut labore sit voluptate assumenda officia fuga.','et','46867',NULL,'1991-01-22 18:14:57','1998-09-04 04:38:55'),
('22','2','22','Tempore placeat quisquam quod. Dolorem error voluptatem est vel eveniet. Et eligendi placeat perferendis minima consequatur.','voluptatibus','87829',NULL,'1981-09-08 05:40:39','1986-04-07 03:08:36'),
('23','3','23','Eos earum placeat deserunt voluptate maxime dolore nesciunt. Omnis sit aut ullam pariatur doloremque id. Similique deleniti vero et est ut et. Sint aut asperiores voluptas qui quia.','quibusdam','851218',NULL,'2016-09-23 12:46:06','2015-05-27 22:05:08'),
('24','4','24','Sint eveniet rerum iste ex non perspiciatis sunt. Dolor possimus dignissimos consequatur maxime mollitia. Delectus sunt esse nulla velit voluptates rerum non. Est ut aliquam consequatur omnis.','voluptatem','7845',NULL,'2010-10-05 23:25:37','2003-04-05 19:23:34'),
('25','5','25','Eum qui ea aut nihil voluptatum accusantium. Quo exercitationem cumque ducimus et eveniet qui eius. Et autem in corrupti impedit id praesentium ad. Ullam nihil aut inventore nostrum.','repellendus','5',NULL,'1975-08-19 16:48:29','1976-02-23 15:11:48'),
('26','1','26','Neque iusto nobis occaecati culpa. Ex deleniti ut velit fugit velit tenetur. Dolor neque at nulla non in quia cum voluptatem. Ipsam quia sint quae aut.','saepe','208',NULL,'1975-05-14 09:44:22','1996-11-27 20:30:35'),
('27','2','27','Rerum voluptatem officiis quidem atque. Est recusandae officia cupiditate dolores eveniet. Asperiores laudantium aut explicabo quos. Praesentium rerum distinctio optio similique ratione animi.','similique','46945144',NULL,'2012-06-03 23:05:20','1989-11-15 13:14:53'),
('28','3','28','Repellendus repellendus voluptas cum non. Repellendus asperiores nihil voluptas in quisquam aliquid est. Deleniti saepe libero eaque cupiditate.','nihil','5045709',NULL,'1973-10-17 20:39:51','2000-04-10 23:43:20'),
('29','4','29','Architecto et quaerat perspiciatis nesciunt excepturi repellat. Enim rerum aspernatur officiis voluptas rerum aut quia. Facere cum id fugit illum incidunt.','fugiat','943',NULL,'2015-06-06 01:47:07','1971-06-23 23:00:22'),
('30','5','30','Consequuntur consequuntur optio reprehenderit aspernatur rerum. Cum fugiat est beatae expedita. Inventore rerum quibusdam sit repudiandae. Velit in est et commodi quia.','magnam','26992485',NULL,'1989-10-11 09:42:14','2013-04-06 19:58:06'),
('31','1','31','Sapiente aliquam odit aspernatur ea. Quidem molestiae minus aut eos repudiandae molestiae quaerat. Sapiente vel harum quo magnam qui a.','consequatur','3529',NULL,'1988-12-12 23:59:01','1973-11-26 17:58:01'),
('32','2','32','Omnis nobis est tempora rerum enim beatae velit est. Ut ea molestiae aut illum et. Earum qui officiis delectus aut. Voluptate unde magnam omnis saepe quis.','veniam','66234',NULL,'1999-12-11 11:48:07','2014-12-27 16:40:02'),
('33','3','33','Excepturi quod rerum quia minima exercitationem possimus sit similique. Rem ipsam ea ipsum delectus sed earum optio. Modi possimus non assumenda. Quibusdam beatae dolores odio. Ut natus deleniti ea suscipit et est mollitia eligendi.','molestias','58336',NULL,'1972-03-09 03:09:06','1989-11-22 09:34:20'),
('34','4','34','Expedita nihil repellendus deleniti cumque sed excepturi. Et tempore blanditiis nulla tempore qui qui mollitia. Enim eos consequatur aut officia enim.','quia','301',NULL,'2007-04-12 08:13:00','2012-05-31 20:21:53'),
('35','5','35','Quis non quia quo rerum aut. Earum quisquam dolor doloremque molestiae quos ullam qui cumque. Aut cumque libero commodi.','quia','6',NULL,'2013-10-10 08:36:40','1973-07-10 13:18:03'),
('36','1','36','Qui cum voluptate sequi et molestias est. Ut sapiente saepe labore quam qui nemo. Et est sit aut nesciunt illum aut. Voluptatum quae maiores aut quos. Est animi illo corporis praesentium quaerat illo commodi.','voluptas','3146',NULL,'1986-03-27 16:14:49','2016-08-16 10:19:58'),
('37','2','37','Minima facilis qui et dolor quia itaque beatae. Molestiae quia excepturi ratione minima soluta voluptatum facilis. Quo maiores enim vel autem ex aut quo. Itaque eveniet ex doloremque.','corporis','57787',NULL,'2007-11-16 18:49:59','2018-09-17 02:20:14'),
('38','3','38','Qui est est ut ducimus rem sunt amet. Qui velit veritatis nesciunt deleniti qui. Minus dolorem necessitatibus nemo quos qui perspiciatis assumenda. Nisi et minus excepturi delectus enim natus eveniet dolores.','modi','77',NULL,'1994-07-07 10:23:24','2015-11-03 23:53:36'),
('39','4','39','Nam cum recusandae voluptatibus eos. Recusandae enim quos iusto neque esse magnam magni. Eum sed quia cupiditate incidunt aut voluptas. Voluptatem laborum et ea magnam qui. Quo error maxime voluptatem quia iste.','eaque','0',NULL,'1973-10-20 07:59:00','1989-12-24 03:24:42'),
('40','5','40','Enim omnis ut aliquid natus. Sit illo quo dolorum est voluptas ex qui. Dignissimos porro ut amet asperiores quia eos qui iste.','officia','729945',NULL,'2011-08-27 14:34:32','1973-07-14 19:48:45'),
('41','1','41','Quas a error sit similique et unde. Facilis quae ea dolore error et. Error saepe velit magni beatae beatae doloremque. Quos doloribus velit sed officia qui dolores.','non','19420',NULL,'2013-11-04 23:19:15','1990-10-19 04:12:45'),
('42','2','42','Id eaque officia hic laboriosam ab porro. Dolor ea velit fugit eius qui.','ducimus','574036018',NULL,'1996-10-09 22:01:18','1994-01-04 13:13:10'),
('43','3','43','Inventore dignissimos hic nam. Consequatur eveniet nihil blanditiis. Numquam omnis ipsum repellat.','assumenda','107',NULL,'1997-08-29 01:22:33','1991-03-06 00:36:17'),
('44','4','44','Veritatis occaecati exercitationem laboriosam sunt eum sed modi. Beatae ipsa provident voluptas labore magnam. Aliquam dolor itaque error officia praesentium.','quis','0',NULL,'2012-12-08 12:20:53','1990-06-30 11:55:33'),
('45','5','45','Voluptas deleniti velit accusantium est sed maiores iusto. Est magni veniam tempora laudantium ut voluptatem a. Itaque est totam non laborum totam porro similique.','dolorem','4397083',NULL,'1978-06-14 02:34:29','2000-09-09 04:55:29'),
('46','1','46','Voluptas delectus numquam dolorem quia labore facilis officiis voluptas. Hic officiis sunt possimus facere a nisi. Similique ratione minus expedita et qui aperiam nihil. Et illum enim explicabo consectetur quo aut.','et','18788716',NULL,'1983-07-28 13:25:55','2001-05-02 18:42:00'),
('47','2','47','Quod odio aut nisi cumque. Similique mollitia maxime voluptas ea aspernatur ut vel sed. Nulla recusandae recusandae quia voluptate maxime possimus itaque distinctio. Provident accusantium nihil consequatur alias id.','consectetur','5725566',NULL,'2007-06-30 14:11:07','1980-12-18 19:02:42'),
('48','3','48','Et cumque hic est est. Quos ut dignissimos eos quasi delectus officiis. Ratione molestiae illum expedita aspernatur. Accusamus quia facilis ea.','expedita','83997990',NULL,'2013-12-26 00:07:41','1993-02-25 13:47:30'),
('49','4','49','Minus et dolorem animi nihil amet quisquam nemo odit. Et non aspernatur fugit dolorem aut voluptates quis at. At voluptas rerum quod ut molestiae.','quia','8881',NULL,'2013-03-19 19:19:59','2001-03-30 13:46:22'),
('50','5','50','Consequatur libero culpa officiis aut tempora. Sed dolorem enim perspiciatis rerum sed possimus suscipit. Qui possimus quibusdam deserunt facere nesciunt qui qui.','alias','814906494',NULL,'1979-06-27 21:24:46','1970-08-12 21:43:53'),
('51','1','51','Et saepe dolore autem dolores sint in. Atque cupiditate quam natus quam totam. Nesciunt doloremque molestiae consectetur consequuntur nesciunt error quia.','ut','0',NULL,'1994-04-08 11:33:04','1989-03-31 12:19:24'),
('52','2','52','Atque quidem omnis voluptate quisquam animi eum molestias. Quam et voluptate fugit soluta aliquid quod dolorem. Laborum earum illum laudantium repudiandae tenetur. Sint quam quia occaecati dolore id.','ut','7',NULL,'2019-02-06 19:18:44','2013-11-14 19:06:24'),
('53','3','53','Sunt nesciunt et excepturi et voluptatem voluptatem officiis blanditiis. Sint porro ullam neque dolorem id assumenda unde. Officiis qui quod minus reprehenderit quia vel. Magnam vel ea inventore eos quo dolor.','explicabo','284170',NULL,'2017-02-22 20:07:54','1979-11-29 22:20:46'),
('54','4','54','Aut aut consequatur debitis omnis at. Hic officia odit tenetur voluptas. Aut occaecati reiciendis sed quis sit eum eaque. Harum ut quia omnis autem officiis.','assumenda','5761',NULL,'2019-04-11 23:28:39','1999-10-12 05:28:42'),
('55','5','55','Nostrum vel quia ex omnis nam pariatur. Necessitatibus at numquam omnis dolorem doloremque laudantium. Repudiandae ducimus nihil rerum ratione. Eos rerum quasi est explicabo.','harum','388739596',NULL,'1973-03-22 02:58:45','2014-09-12 00:47:17'),
('56','1','56','Et ducimus et autem maxime facere. Voluptate corporis suscipit ea. Voluptas voluptatem odit tenetur vel debitis voluptatem ut.','consequatur','62108',NULL,'2000-01-30 12:47:35','1999-05-05 05:13:24'),
('57','2','57','Sit aperiam eos qui natus. Quidem quia earum harum. Fuga blanditiis fugit enim necessitatibus dicta doloribus.','et','80',NULL,'2000-03-28 22:55:26','1970-02-07 16:13:38'),
('58','3','58','Excepturi non tempora at sed ex veniam. Voluptas quam nostrum ut consectetur qui necessitatibus. Eius iure officia saepe expedita. Incidunt voluptatum perferendis earum reprehenderit est autem sed.','autem','2360875',NULL,'2007-06-22 03:48:53','1981-02-15 09:30:08'),
('59','4','59','Enim exercitationem non ea sit doloremque necessitatibus. Itaque dolorum consequuntur molestias laborum dicta. Quos ut inventore vel ipsam maxime distinctio accusamus.','blanditiis','559',NULL,'1973-12-06 23:58:18','1977-04-03 07:15:11'),
('60','5','60','Exercitationem nobis voluptate ducimus perspiciatis sint alias. Laudantium eos ut et reiciendis doloribus. Quia autem dicta et iste magnam tempore molestiae totam.','aut','80695437',NULL,'2017-09-15 01:39:51','2015-08-19 12:49:33'),
('61','1','61','Debitis amet dolores facere quidem tempore. Minima aut similique hic qui dolores. Non amet et ipsam repellendus. Soluta ut tempore error quae.','in','7',NULL,'1986-02-13 18:45:10','2016-12-10 05:55:45'),
('62','2','62','Repudiandae eum qui ipsa non. Quia sit velit aliquid. Voluptas nihil voluptatum qui beatae. Explicabo eaque voluptatibus ad ipsam tempore.','eos','36407',NULL,'1980-09-28 08:21:24','1976-09-27 15:34:47'),
('63','3','63','Minus unde et quaerat mollitia labore ducimus. Dolore inventore a fuga minus. Qui sit suscipit deserunt architecto.','autem','70585',NULL,'1987-03-27 07:41:49','1970-02-02 13:29:12'),
('64','4','64','Modi explicabo numquam ullam nobis quaerat ipsa sint saepe. Ipsam voluptas dolores et nisi laudantium velit. Voluptatem aliquam est vel consequuntur earum. Porro consequatur et ut iure quia necessitatibus enim.','deserunt','84',NULL,'2002-01-14 12:22:52','1978-11-09 20:26:11'),
('65','5','65','Eius magni sunt rem animi facere in. Impedit sint et reprehenderit dolorem qui architecto. Atque voluptatibus recusandae temporibus excepturi vel molestiae.','nesciunt','968599',NULL,'1986-01-22 16:46:23','2004-05-30 17:36:08'),
('66','1','66','Voluptatem tempore dolor et ex qui occaecati ea. Dolor ratione nihil dolores et. Id hic consectetur accusantium voluptate ut quos ipsa. Nulla debitis dolorem laborum dolore voluptatem.','omnis','6',NULL,'1976-05-27 01:02:18','1977-04-28 06:22:06'),
('67','2','67','Adipisci illum quam iusto quibusdam perspiciatis adipisci. Fugit veritatis delectus voluptatibus iste vero est maxime. Illum nihil et recusandae corporis et omnis et. Modi est qui hic ducimus et modi.','aut','0',NULL,'1976-06-13 04:14:28','2015-03-09 15:31:30'),
('68','3','68','Sunt sapiente optio est voluptas temporibus. Sit nesciunt ea laborum facilis debitis. Vitae nihil nobis ad consequatur omnis non. Reiciendis excepturi veritatis et iusto corrupti ducimus eum.','aperiam','15989',NULL,'2006-05-25 19:31:35','1999-06-25 23:11:03'),
('69','4','69','Voluptates ipsum neque inventore quasi. Eius autem officia magnam dolores. Dicta porro sapiente sed earum magnam dolorem consequatur.','quis','2917918',NULL,'2002-09-05 09:06:24','1983-10-28 17:17:11'),
('70','5','70','Rem quae nobis dolor porro ducimus quia. Consequatur animi laudantium aliquam explicabo suscipit id. Quo nihil consequatur aut fuga laborum.','culpa','3',NULL,'2015-10-08 20:14:01','1991-09-21 06:47:44'),
('71','1','71','Saepe facilis perspiciatis dolorem consectetur. Aliquid placeat sit totam laboriosam voluptas et fuga. Eaque dolorem hic vero error laborum enim. Impedit quaerat sint aut totam.','fugiat','314389',NULL,'2010-10-28 20:23:12','1980-04-06 16:10:46'),
('72','2','72','Reprehenderit rem perspiciatis nesciunt optio. Aspernatur veritatis velit eveniet voluptatem est quo sapiente. Doloremque necessitatibus non quis nisi saepe dicta. Amet magnam autem voluptatem. Magnam eaque quaerat necessitatibus quidem doloremque rerum magnam.','sit','19',NULL,'1990-09-26 06:19:27','1992-07-24 09:13:28'),
('73','3','73','Ut sit sequi vero magni accusantium. Tenetur omnis voluptas ut provident delectus et magni. Fuga saepe quia enim iusto.','accusantium','41779695',NULL,'1987-09-27 22:45:56','2016-07-18 11:40:38'),
('74','4','74','Et id in animi eligendi ratione. Molestiae nostrum eum quas deleniti voluptas. Ut sed repudiandae et quia iste et aut. In incidunt assumenda est ut. Et atque placeat a eos hic dolorem tenetur inventore.','aliquam','6147',NULL,'1971-08-04 12:16:02','2013-10-15 21:38:46'),
('75','5','75','Et odit laudantium animi dolore perferendis perferendis sunt. Voluptatem sapiente quam nesciunt. Qui eveniet quibusdam tempora qui culpa.','voluptatibus','48680830',NULL,'2010-07-09 21:23:01','1972-05-07 00:32:31'),
('76','1','76','Et in debitis dolores totam impedit aperiam ipsam ut. Accusantium aut nihil est ratione veritatis dolores voluptatem. Et aut repellat sit nihil dicta quaerat. Reprehenderit deleniti rerum placeat error tempora unde vel.','voluptas','420',NULL,'2012-02-17 03:13:06','1992-03-12 15:01:18'),
('77','2','77','A officia debitis et reiciendis. Rerum rerum illum odio voluptas distinctio sapiente. Quia harum repellat quo voluptas laboriosam dicta. Omnis nulla ratione similique natus iusto harum.','rerum','606950548',NULL,'1991-06-29 08:57:34','2000-04-07 19:18:44'),
('78','3','78','Ullam beatae nobis eius quod. Voluptas similique veniam facilis omnis voluptatem dolorem mollitia modi. Velit et ut iste ut suscipit.','laudantium','86766',NULL,'2004-10-05 04:42:10','2005-12-18 18:58:40'),
('79','4','79','Aspernatur ipsum autem ut quisquam at. Quae accusantium voluptatem quia voluptates. Nostrum aut excepturi non rerum aut omnis omnis voluptas.','est','4',NULL,'1997-10-29 17:17:11','1988-12-03 13:23:35'),
('80','5','80','Et minus facilis aperiam. Officiis dolore provident quas quod voluptas consequatur qui rerum. Dolores nihil nulla consequuntur neque.','et','0',NULL,'2017-05-20 18:29:04','2010-07-21 13:18:19'),
('81','1','81','Veritatis voluptas repellat quia. Distinctio aut nisi saepe voluptatum ea. Et aut eveniet ut dicta molestiae nam necessitatibus.','nesciunt','5642955',NULL,'1994-10-31 12:36:24','1989-11-14 11:27:05'),
('82','2','82','Minima veritatis excepturi sit ut et ipsa deleniti. Veniam placeat minima dolor qui. Dolores voluptates est possimus quos.','et','415',NULL,'1995-07-21 13:51:04','2006-08-25 08:50:53'),
('83','3','83','Sit commodi repellat autem ut et. Id tempora sint hic eaque vel quis. Corporis distinctio quis distinctio.','quisquam','583030',NULL,'2013-07-09 10:07:31','2014-03-30 02:26:57'),
('84','4','84','Perspiciatis doloremque odio sed voluptatum inventore quaerat veniam expedita. Alias aut ipsam dolorem deleniti aut sit. Nihil aperiam a officiis et qui ut possimus.','eius','7',NULL,'1991-12-20 08:42:15','2014-04-17 13:22:30'),
('85','5','85','Eaque repellat quaerat consequatur sunt est. Ut facere placeat quia. Voluptatem ipsa vitae non dolores possimus est.','aut','168950641',NULL,'2001-11-29 22:15:26','2013-07-20 23:46:28'),
('86','1','86','Ipsum velit est quos dolorem ex. Distinctio voluptates suscipit adipisci eos suscipit. Ipsa at fugit voluptas deserunt fugiat omnis voluptatum sunt. Labore ab nulla perspiciatis est qui ipsa. Qui commodi quo quasi sequi voluptatem accusamus.','vitae','2683935',NULL,'1970-08-02 10:24:50','1999-02-19 07:41:47'),
('87','2','87','Quasi reprehenderit facere ea. Quasi architecto esse enim quidem minus nihil. Aperiam qui voluptates repudiandae commodi saepe excepturi.','nihil','43793503',NULL,'2015-01-24 07:02:30','1974-08-30 20:40:15'),
('88','3','88','Dolor occaecati magni quidem dolorem non illum quasi. Corporis architecto tempore id nulla. Quis autem et et error.','ut','313',NULL,'1996-03-21 04:43:21','2003-07-17 14:51:44'),
('89','4','89','Ipsa quasi ad non. Soluta aliquid id quibusdam voluptas. Odio perspiciatis fuga voluptas quae.','atque','0',NULL,'1999-05-16 16:49:06','1972-04-29 18:07:03'),
('90','5','90','Laborum rerum magni commodi blanditiis. Voluptas et aut blanditiis qui sunt et fuga nesciunt. Sequi sint quia ut et.','recusandae','94',NULL,'1988-09-16 15:48:00','1984-03-15 20:22:56'),
('91','1','91','Minus sed rem quod non quae harum eius. Eius repellat pariatur voluptatum. Distinctio non ipsum ut eos quas incidunt.','excepturi','18103',NULL,'2009-07-27 14:11:14','1980-11-03 10:16:38'),
('92','2','92','Alias repellendus architecto quia recusandae maxime. Adipisci at facere velit autem reprehenderit dicta temporibus rerum.','aspernatur','541841189',NULL,'2017-11-27 12:08:34','1977-08-08 03:53:49'),
('93','3','93','Et debitis neque et maxime. Et sit omnis omnis et sint eaque esse. Ab totam aut corporis et dicta illum aut.','sapiente','0',NULL,'1990-01-05 16:44:00','1976-11-12 08:55:48'),
('94','4','94','Delectus consequuntur fugiat quia perferendis. Assumenda eos quia dolor ipsam ipsam. Culpa sequi odit dolores aut.','impedit','5740',NULL,'1996-11-09 00:17:30','1976-07-17 23:24:12'),
('95','5','95','Eius vel voluptatem adipisci in. Voluptate deserunt magnam sunt quis voluptates consequuntur. Facilis est soluta commodi dolorum modi cupiditate.','tempora','8208331',NULL,'1985-02-14 05:30:52','1997-02-08 07:49:36'),
('96','1','96','Aut vitae voluptatem dolor consectetur corporis. In nam eaque nostrum ut. Temporibus laboriosam sed blanditiis blanditiis iure. Quisquam sunt delectus dolores quod optio est consequuntur.','inventore','46991',NULL,'1975-05-07 22:47:23','2017-07-23 04:33:51'),
('97','2','97','Sit voluptas et delectus at sed voluptates. Dolor fuga nulla beatae dolor ad corrupti. Vitae et quaerat neque non recusandae placeat. Nulla sunt est fugiat eum dolore ipsam.','repellat','413',NULL,'1998-05-23 05:25:03','2001-12-20 06:15:05'),
('98','3','98','Atque eveniet dolorum voluptatem. Inventore eaque illum quam sunt. Distinctio et non voluptatem dolore et perferendis illum. Molestias ipsam ut molestiae eum. Eos eum inventore doloremque voluptatem vel quidem modi mollitia.','aperiam','131749',NULL,'2017-07-14 09:36:30','1990-01-06 16:38:26'),
('99','4','99','In et dolore non odit non soluta. Dignissimos nobis facilis et inventore voluptates cupiditate velit. Molestias rerum accusantium ea numquam similique.','quia','5604258',NULL,'1970-01-01 23:44:38','1973-05-25 14:50:25'),
('100','5','100','Doloribus magni facilis non deserunt dicta ipsa similique. Veritatis itaque necessitatibus cupiditate dicta voluptatem totam debitis. Et rem voluptas nihil esse et. Voluptatem et consectetur sint culpa.','dolorem','81557',NULL,'1980-09-03 05:34:48','2018-04-06 07:17:33'),
('101','1','1','Numquam ullam laudantium nesciunt magnam. Delectus error et ut dolorem velit est. Molestiae labore deleniti id eaque mollitia voluptas. Voluptatem non impedit veritatis aut ut.','inventore','236',NULL,'2004-10-15 20:01:58','1973-08-15 10:27:14'),
('102','2','2','Harum eaque dolor deleniti aut porro. Cumque quam nemo sequi veniam aut. Eveniet amet eos placeat qui quod omnis voluptates quis. Voluptates dolores id molestiae saepe quia omnis quod.','rerum','48',NULL,'1982-04-17 12:28:26','2008-06-08 20:25:58'),
('103','3','3','Dolorem molestias qui eaque. Ducimus praesentium voluptatem voluptatem sint illum. Repudiandae sapiente ipsam nulla velit molestias rerum. Sit totam quidem nisi perferendis veniam maiores.','sed','180499707',NULL,'1976-11-21 22:35:30','2015-11-01 00:35:04'),
('104','4','4','Aut sunt sit consequatur omnis vitae. Nihil id repudiandae eum quia exercitationem. Quia quaerat rerum a cupiditate sunt sed.','quibusdam','55573840',NULL,'2010-08-08 00:21:30','1971-05-10 04:54:49'),
('105','5','5','Commodi ea et esse et. Dolor corrupti maxime ullam rerum voluptate harum error. Consequuntur deleniti odio qui quae doloribus et omnis. Aut quae quasi voluptatum sed saepe.','aliquam','4',NULL,'1982-10-19 13:13:40','2010-05-25 10:29:53'),
('106','1','6','Libero deserunt ratione perferendis porro. Consequuntur voluptatem vitae molestiae provident nesciunt harum et expedita. Dolorem placeat quia laborum ea vitae dolorum quia nesciunt.','facere','0',NULL,'1973-12-22 05:45:08','2005-05-13 06:21:11'),
('107','2','7','Debitis sequi excepturi et voluptatem cumque. Est et vero aut reiciendis minima corrupti. Incidunt et expedita a et veniam odio.','incidunt','87277',NULL,'2005-09-22 11:35:25','2018-09-30 23:58:11'),
('108','3','8','Atque ullam amet molestias sint reiciendis libero. Sed itaque excepturi quis voluptates ullam eum. In eum assumenda enim expedita eos est ratione.','dolor','0',NULL,'1998-11-18 01:03:46','1983-08-06 00:41:03'),
('109','4','9','Non numquam similique harum impedit. Aut aut sed ut. Aspernatur non qui corrupti. Vel qui quibusdam doloremque officiis.','et','0',NULL,'2000-08-07 06:28:45','1972-07-13 16:26:46'),
('110','5','10','Excepturi minima autem magnam corrupti ut dolor dolorum. Laboriosam a officia et recusandae. Quidem omnis ratione officia quaerat libero. Reprehenderit pariatur labore maiores tenetur commodi cum.','aperiam','5226',NULL,'1990-08-04 17:29:24','2015-12-06 18:14:08'),
('111','1','11','Porro id provident est magni dolor animi vel et. Magnam voluptatem molestiae est voluptatum odit ipsum. Aliquam autem nesciunt nihil non dolorem aut velit. Veritatis rem labore sapiente quisquam. Modi qui nemo dolorem excepturi voluptate similique explicabo.','rem','40',NULL,'1992-10-01 08:16:17','1975-04-13 13:41:15'),
('112','2','12','Neque recusandae fugiat distinctio omnis velit. Quis id officiis ullam ea rerum consequatur. Sit quae nulla sunt quis et placeat vel.','voluptates','0',NULL,'1978-03-19 19:33:54','1983-11-11 00:18:38'),
('113','3','13','Rerum quia velit minima delectus aut. Nisi iste minus tempora id iure maxime quis. Aut quia minima veritatis et laudantium blanditiis voluptatem ipsam.','in','4',NULL,'2005-10-15 22:46:53','1988-05-18 01:30:43'),
('114','4','14','Assumenda aliquid aliquid dolorum. Ut consequatur odio sit sed reprehenderit voluptatem. Nam ut fugiat aliquid explicabo tempore. Praesentium quos quia sapiente quisquam.','aut','428',NULL,'2001-02-07 06:14:18','1995-09-06 18:21:32'),
('115','5','15','Soluta sit qui dolor est dicta explicabo vitae praesentium. Nulla doloribus illum et aut optio et. Voluptas at minima est et. Sit quae ad quia quis.','modi','47',NULL,'1995-03-24 20:02:37','1972-02-09 03:46:57'),
('116','1','16','Repellendus doloribus facilis repellendus aliquam ad qui quam. Adipisci quo qui eaque magnam officia voluptatum.','optio','29109485',NULL,'1998-03-11 06:51:55','1980-12-07 13:58:04'),
('117','2','17','Hic voluptas illum velit sequi et. Enim atque officia amet at soluta et sint. Odio omnis ex distinctio alias vel nisi voluptatem.','nam','3236174',NULL,'1973-10-27 08:07:27','1989-09-06 08:30:20'),
('118','3','18','Dolorem itaque non excepturi iusto illo. Et quos architecto fugiat eius quas. Ut consequatur expedita veritatis eum.','eos','64373',NULL,'2015-06-20 14:01:54','1995-06-12 22:19:29'),
('119','4','19','Rerum optio a et quibusdam qui. Illum dolore inventore est. Id qui iure recusandae error saepe quis dolorum.','recusandae','326',NULL,'1974-05-14 08:38:50','1987-03-03 03:59:25'),
('120','5','20','Maxime placeat eum qui est quas optio. Placeat nisi qui similique sunt commodi. Qui culpa nobis itaque modi.','molestias','555',NULL,'1997-07-23 13:51:24','1988-02-05 05:10:41'),
('121','1','21','Reiciendis est non odio et et delectus tempora ab. Quod natus omnis voluptate tempora assumenda. Eos non est sit et quasi accusamus et.','cum','34752067',NULL,'2019-10-15 05:01:59','2019-05-11 09:24:11'),
('122','2','22','Nihil laboriosam dolorum ipsam perferendis enim. Animi a magni ut laboriosam. Occaecati quas minus velit commodi commodi natus.','harum','625',NULL,'1995-07-02 07:39:00','1978-01-11 21:43:31'),
('123','3','23','Quibusdam a atque esse sit quos. Laudantium occaecati voluptatem inventore eligendi nesciunt. Ut et ipsa vel.','consequuntur','2081',NULL,'2010-05-25 17:50:38','2013-10-18 04:20:45'),
('124','4','24','Rem sed eos nostrum nihil. Impedit eum perferendis aliquam et non et et.','magni','6181832',NULL,'1994-08-05 02:36:29','1974-10-18 08:53:28'),
('125','5','25','Ut ea dolores necessitatibus asperiores minus explicabo pariatur neque. Rem qui nulla iure. Vitae magnam dolore et dolorem odit.','similique','6',NULL,'1997-01-10 11:48:10','2003-02-04 06:28:54'),
('126','1','26','Aut ullam qui quos labore. Beatae occaecati dignissimos et perspiciatis autem vel accusamus. Aut enim ab in. Praesentium autem ducimus velit ducimus dolorum omnis illo.','amet','91379',NULL,'1980-01-23 09:38:33','1990-11-04 21:32:06'),
('127','2','27','Est ut a qui molestias illum atque sed. Eligendi consequatur excepturi nobis rerum aut at voluptatem. Earum temporibus nulla mollitia itaque eos.','sequi','676729',NULL,'1983-11-12 14:58:29','2011-04-20 19:34:30'),
('128','3','28','Iure eaque eius ut molestiae qui maiores molestiae. Voluptatum minima praesentium dolor aut modi maxime. Et rem provident laudantium assumenda quis laboriosam.','reprehenderit','4355',NULL,'1989-07-09 18:44:42','1984-09-07 03:06:18'),
('129','4','29','Maxime illum fugiat rerum molestias incidunt ab blanditiis. Suscipit non sit vitae ut. Cumque culpa expedita exercitationem rerum culpa.','sequi','17386958',NULL,'2010-01-30 07:57:45','2000-06-06 11:38:36'),
('130','5','30','Ducimus est facere id ut ex et sunt. Officia qui id et ad facilis numquam repudiandae nostrum. Animi mollitia mollitia consequuntur veniam. Rerum aut quis laudantium voluptas doloribus laboriosam non.','minima','724548',NULL,'1985-06-24 05:23:31','2019-10-14 21:21:40'),
('131','1','31','Explicabo sequi quidem maxime et mollitia eligendi. Aut dicta deserunt dignissimos dolor debitis. Nam maxime quia iste aspernatur earum.','natus','2656',NULL,'2008-08-24 00:28:15','2016-08-22 19:53:01'),
('132','2','32','Doloremque omnis dolores officiis dolore. Tempore dolores impedit tenetur quis consequatur et. Quo nulla id iure est delectus. Expedita non est quaerat qui officia reprehenderit odio. Quaerat eveniet et consequatur nisi.','odio','7',NULL,'1975-11-09 18:35:47','2012-09-01 10:07:43'),
('133','3','33','Nihil vitae optio quaerat. Quisquam dicta ut quia quia esse qui. Impedit quidem ullam ut corporis iure voluptatem.','explicabo','3135',NULL,'2006-05-24 15:44:48','2009-12-19 11:37:22'),
('134','4','34','Ut voluptas modi deserunt voluptatibus eaque occaecati quis. Cum vel iure provident quasi facere error laudantium. Enim accusantium voluptas totam blanditiis architecto qui.','tenetur','33',NULL,'2000-05-25 05:36:52','1988-04-05 18:25:37'),
('135','5','35','Et possimus et sit ipsam eligendi perferendis. Doloremque et repellat eveniet explicabo dolorem. Quo iste est amet dolorem fugiat. Mollitia et nihil cupiditate ut voluptate assumenda.','architecto','47',NULL,'1972-01-12 11:39:32','1972-01-16 09:39:48'),
('136','1','36','Autem velit exercitationem laborum quis. Excepturi dolores ut sed et enim aut. Dicta illum ducimus voluptas quisquam nihil nam dolore dolores.','in','6',NULL,'1998-04-04 12:54:20','2017-12-14 00:05:24'),
('137','2','37','Aspernatur consequuntur neque reprehenderit voluptas ad omnis corporis ipsum. Nostrum quaerat sed et est in. Explicabo deleniti architecto similique fugit. Dolorem quia earum pariatur ipsam.','dolor','17950',NULL,'1988-12-27 12:57:13','2004-03-11 17:31:12'),
('138','3','38','Voluptate dolor asperiores perspiciatis numquam doloribus tempora. Dolorem vel optio quia placeat vitae ducimus. Excepturi recusandae ipsam aut sint perspiciatis beatae debitis et. Optio eligendi nihil minima iusto vel voluptate aut.','in','6261',NULL,'2007-11-25 21:25:22','1973-06-11 13:46:47'),
('139','4','39','Ab rem dolore porro sint molestias. Corrupti impedit dicta natus est voluptatem numquam nesciunt. At dolores sit qui natus temporibus ut impedit et. Voluptatem asperiores impedit ad similique.','similique','610143719',NULL,'2013-04-04 05:27:59','1997-04-05 06:14:37'),
('140','5','40','Fugiat veniam aut sit blanditiis provident. Omnis animi at repudiandae. Id ad modi culpa excepturi et placeat sunt. Et animi sint qui ex quasi et.','vel','3495266',NULL,'1986-03-24 02:23:37','1970-01-29 15:42:57'),
('141','1','41','Laboriosam officia pariatur nam et. Cumque consequatur itaque cumque itaque. Modi consectetur et sequi aut dolor aliquid et.','possimus','6',NULL,'1970-06-28 17:24:09','1995-08-04 20:20:06'),
('142','2','42','Ut vero fugit dolores voluptate quae ullam rerum est. Dolor mollitia officiis maxime voluptatem doloremque maxime. Sit est totam et in commodi quidem.','quia','1',NULL,'2014-09-28 11:06:40','2008-07-03 10:47:09'),
('143','3','43','Tempora commodi molestiae ipsam. Sit in sit mollitia natus est. Dolorem quo et delectus ad nulla.','et','314025049',NULL,'1972-06-20 17:31:08','1977-04-30 04:00:04'),
('144','4','44','Quibusdam perferendis laborum quae nam ut. Vel commodi quos et aut esse ut consequuntur minima. Dolor et enim quae explicabo ea consequatur rem rerum.','iusto','57',NULL,'1998-05-20 08:36:07','1976-08-09 02:33:36'),
('145','5','45','Itaque est fugiat soluta. Est et ratione et quia architecto. Esse quibusdam enim assumenda. Voluptate quia nihil sit enim laudantium libero voluptatem.','necessitatibus','9138693',NULL,'2009-10-09 20:27:52','1985-10-10 12:24:43'),
('146','1','46','Qui amet perferendis et qui eligendi aliquam ut. Labore dolores consequatur animi nobis rerum. Est rerum ea ullam ratione voluptatem rerum autem porro.','odit','90',NULL,'2007-05-19 18:34:20','1972-09-08 17:42:53'),
('147','2','47','Corporis nulla ex totam. Magni saepe temporibus et quia saepe. Porro accusantium temporibus saepe voluptatum aliquid.','aut','147',NULL,'1992-06-18 21:41:34','2011-05-25 18:28:16'),
('148','3','48','Porro odio et nihil maiores. Amet consequatur qui inventore officiis similique ducimus. Similique ut velit ut laboriosam aut.','ipsam','30562371',NULL,'2012-11-07 13:05:14','2001-02-18 02:53:10'),
('149','4','49','Voluptatem tempore enim non quos. Consectetur provident iure saepe ea quam enim. Consectetur assumenda sed deserunt molestias.','omnis','40297603',NULL,'1982-05-08 00:56:24','1978-04-05 11:01:49'),
('150','5','50','Sit ipsa sunt rerum molestiae rerum. Dolores cumque sunt modi molestiae. Aspernatur expedita ut ducimus et. Ut inventore fuga fugit omnis illo.','et','430722',NULL,'2009-04-09 10:22:11','2005-05-15 14:20:59'),
('151','1','51','Velit in voluptatum et pariatur quia magni. Beatae tempore sed accusantium dolores eaque nostrum. Et voluptatibus nisi est explicabo quos assumenda voluptatibus. Consectetur quisquam perspiciatis omnis et ea ipsam fuga nam.','recusandae','0',NULL,'1981-08-08 22:49:50','1973-02-28 08:35:29'),
('152','2','52','Asperiores velit quos rerum culpa eaque. Ducimus atque aut ratione vero magni suscipit. Et suscipit dolorem fugit.','maxime','55643386',NULL,'2011-10-17 17:24:47','2009-12-13 02:39:25'),
('153','3','53','Explicabo aut voluptatem voluptas quos unde nam a. Placeat autem nesciunt et deleniti qui. Maxime architecto quod sapiente ut dignissimos sunt adipisci. Dolorem repellat illum omnis pariatur alias quis omnis nihil.','et','1',NULL,'1980-10-12 02:30:20','1977-07-13 13:36:54'),
('154','4','54','Impedit nisi ullam aut non aut et fugiat facere. Ex quibusdam ducimus facere voluptates perferendis incidunt.','quo','4',NULL,'1971-08-20 10:51:27','2002-02-08 01:48:05'),
('155','5','55','Quae et qui impedit ut. Officiis distinctio magnam repudiandae sed nihil aut. Odit qui illum aspernatur magni ea. Labore quos debitis blanditiis.','nam','608',NULL,'1984-03-17 03:24:44','1977-07-03 11:41:53'),
('156','1','56','Sunt corporis illo quidem molestiae officiis. Laboriosam rerum accusantium rerum similique. Accusantium sequi voluptatem quo quasi.','repellendus','43782520',NULL,'1985-12-09 02:26:15','2005-07-16 12:01:04'),
('157','2','57','Eos debitis voluptatem omnis voluptatem veniam tenetur et. Laborum velit et molestiae nisi. Consequatur praesentium sequi ipsum officia quam.','culpa','937786225',NULL,'1992-04-13 14:14:14','2006-08-15 02:04:27'),
('158','3','58','Eaque aliquid natus optio aut assumenda. Fugit ut rem quis facilis hic occaecati corporis. Eum et aut error nulla nulla doloremque eaque. Quisquam est ad aut voluptatem aut.','necessitatibus','4776',NULL,'2011-11-09 20:11:40','2004-01-27 23:33:44'),
('159','4','59','Aspernatur molestias praesentium et laudantium. Nesciunt accusamus in illum odit laborum iste. Ut laboriosam omnis sed eos rerum fugit. Est amet omnis impedit. Est ipsam officiis voluptas nisi molestiae voluptas.','voluptatum','0',NULL,'2004-08-19 12:56:45','1982-11-06 10:05:13'),
('160','5','60','A eaque laudantium consequatur neque quas commodi. Consectetur reprehenderit quisquam dolores consequatur nisi accusamus nostrum nostrum. Esse repudiandae enim reprehenderit nobis est iure quibusdam.','deleniti','5',NULL,'1975-06-21 08:42:46','1973-08-30 22:31:29'),
('161','1','61','Molestiae quis quidem accusantium minima. Autem in quaerat quia alias.','aut','5',NULL,'1996-08-18 01:57:03','1989-12-22 09:56:08'),
('162','2','62','Enim tenetur soluta quia et. Adipisci officiis ut quam ratione quis sit. Optio velit vel quam magni temporibus aliquam eaque.','aut','1543421',NULL,'1989-10-18 03:58:13','2016-11-17 16:03:20'),
('163','3','63','Quia veritatis accusantium suscipit odit magnam vel laudantium soluta. Quo ut hic ullam sit adipisci. Nemo et et inventore sed iusto iste fuga.','ut','126',NULL,'2008-03-01 21:26:31','1998-01-26 15:17:26'),
('164','4','64','Laborum eos ut fugiat nisi. Voluptatem id est rerum aliquam ipsum. Illo veniam consequatur totam quae omnis autem quia. Magnam nesciunt at aut occaecati.','nam','0',NULL,'1979-05-06 13:53:45','1992-04-02 06:50:17'),
('165','5','65','Est et quas quam vitae et. In eum et quam occaecati exercitationem ab quasi voluptatem. Dolor distinctio magnam numquam quo magnam voluptatem facere in. Et id doloremque sint.','ab','933160',NULL,'2019-11-30 16:29:23','1971-12-16 07:47:15'),
('166','1','66','Repellat nihil et consequuntur dolor nisi nesciunt. Nobis et minima quia mollitia illum fugiat ipsum. Ut autem quisquam explicabo debitis reprehenderit accusamus maiores voluptate.','reiciendis','60773080',NULL,'1997-06-30 11:08:19','1972-12-23 13:42:58'),
('167','2','67','Qui placeat vero rerum accusantium quia et itaque. Eos harum eius et minus voluptatem. Aliquid quis odit aut.','laudantium','36955',NULL,'1982-07-25 22:04:58','1996-01-12 14:51:05'),
('168','3','68','Culpa necessitatibus id reiciendis et libero. Dolorum veritatis nam eum non dolorem. Aut et consequuntur dolores sequi sint. Sed ut aut cumque similique.','deserunt','545778',NULL,'1987-11-26 09:31:08','1999-05-03 12:56:35'),
('169','4','69','Voluptatum laudantium qui incidunt distinctio architecto id nobis. Qui ipsa perspiciatis corporis deleniti possimus sunt placeat. Dignissimos asperiores esse beatae fugiat sed iure aut. Eaque accusamus quis veniam vero modi ab corporis omnis.','est','34212147',NULL,'2001-04-16 06:12:07','2001-08-03 16:38:41'),
('170','5','70','Quo voluptatem fugiat exercitationem. Qui nam est itaque eos. Voluptatem est et aliquam aperiam et iste.','a','770',NULL,'1974-09-07 04:43:26','1994-07-17 13:00:01'),
('171','1','71','Porro et esse velit distinctio voluptas aut eligendi. Temporibus veritatis libero eos maxime amet. Sit culpa est ut quos. Distinctio libero est sed praesentium.','dolore','5564105',NULL,'1973-06-04 23:58:42','2008-08-27 22:38:05'),
('172','2','72','Enim dolores eveniet illum ut non maiores repudiandae. Quo harum similique atque rerum ipsa repellat. Consequatur deserunt veniam ex quia labore hic vero.','pariatur','9073039',NULL,'1995-10-27 05:01:57','2011-04-16 12:54:53'),
('173','3','73','Est quam eveniet blanditiis ad. Inventore quos et et id aspernatur consequuntur cupiditate. Incidunt voluptatem distinctio labore quasi porro ut voluptates. Assumenda velit reiciendis vel natus voluptas quia doloremque.','ducimus','206241509',NULL,'1986-09-08 05:12:31','1983-12-17 17:43:54'),
('174','4','74','Non vel est quis dolores a. Omnis omnis nemo quisquam assumenda. Quasi id ut recusandae veniam ipsam nam.','quibusdam','0',NULL,'2007-11-07 05:20:38','2000-12-26 03:26:29'),
('175','5','75','Minus quibusdam blanditiis cupiditate provident voluptatem voluptas quia. Rem nihil sunt libero vel ut dolores. Eos et consectetur doloribus repellendus.','dolores','156561',NULL,'1990-04-06 22:55:56','2010-04-11 00:03:01'),
('176','1','76','Commodi laboriosam earum ipsam. Minus vel reprehenderit quaerat sit eius. Dolores blanditiis blanditiis excepturi voluptatum et sunt.','consequatur','920000727',NULL,'2010-02-09 08:14:34','1974-01-19 14:55:13'),
('177','2','77','Vitae qui tempore sint iure soluta rerum. Et suscipit recusandae deleniti praesentium nulla aut explicabo. Dolore doloribus aut similique consequuntur dolores ullam reprehenderit. Et reprehenderit accusantium asperiores vero. Modi odio voluptates doloremque fugit ipsam beatae in.','in','138416',NULL,'1991-12-11 19:16:18','1983-06-16 02:20:55'),
('178','3','78','Consequatur perferendis provident harum. Et corrupti officia quia quae libero consequatur. Provident non voluptas incidunt.','quo','6462',NULL,'1976-11-14 15:32:43','1992-03-25 19:12:34'),
('179','4','79','Veniam tenetur amet praesentium saepe. Quia et rerum eos voluptate id. Odio veniam eum voluptatem ut.','qui','0',NULL,'2001-12-25 08:50:25','1985-08-16 08:34:29'),
('180','5','80','Tenetur amet cum sint et quia distinctio rem. Et deserunt pariatur repellat ullam nostrum. Voluptatibus est aut vel molestiae.','omnis','719388255',NULL,'2005-04-25 15:40:08','1973-11-21 19:43:42'),
('181','1','81','Quibusdam quo quaerat consequatur ut. Exercitationem corrupti minus fugiat consectetur vel sint voluptatem. Id corrupti laudantium qui et quisquam veniam qui.','vel','0',NULL,'1993-04-21 03:10:34','2019-03-13 11:18:30'),
('182','2','82','Quod expedita molestiae omnis repellendus officiis. Hic laborum quibusdam omnis magni veniam est repudiandae. Nobis id corporis eveniet aut eum.','provident','24449155',NULL,'2016-05-03 19:52:00','2000-11-19 14:57:55'),
('183','3','83','Occaecati atque magnam fuga aliquid dolorum omnis. Nihil veritatis suscipit voluptas eligendi omnis. Amet et quia omnis mollitia culpa aut eum.','laborum','601216',NULL,'1982-01-06 17:01:55','1980-05-13 13:38:23'),
('184','4','84','Ducimus voluptas quia ex ut. Aut tempore vitae assumenda quae dolores debitis. Repudiandae voluptas suscipit aut aut nobis. Ducimus et sed nemo dolorem illo dolores ducimus.','alias','375',NULL,'2011-07-29 16:54:11','2016-07-04 19:31:45'),
('185','5','85','Inventore facilis voluptate voluptas quidem. Porro est aut voluptatem recusandae consequatur. Laboriosam harum dolores in porro nulla.','ut','483526',NULL,'2010-10-16 10:04:49','1982-05-13 09:31:44'),
('186','1','86','Modi et possimus eos qui nostrum cumque alias vel. Assumenda aut laboriosam ipsam quaerat odit mollitia. Nobis necessitatibus architecto dolorem et non est consequuntur.','et','58434839',NULL,'1987-05-27 15:08:45','1995-05-08 11:49:31'),
('187','2','87','Occaecati et et sunt autem quod et. Dignissimos repellat rem consequatur qui consequatur praesentium. Et animi voluptas deserunt accusamus dolor recusandae possimus.','rem','635759030',NULL,'1971-07-02 12:31:47','1977-08-11 23:33:56'),
('188','3','88','Porro corrupti culpa natus repellat perspiciatis hic. Maiores dolores sint aliquam quia rerum. Similique est asperiores quia.','id','5560',NULL,'1972-11-12 02:03:41','2008-03-21 16:17:41'),
('189','4','89','Beatae fugiat dicta dolorem libero rerum est. Aut praesentium recusandae ratione et possimus vitae soluta.','repellendus','31651',NULL,'2008-08-15 22:51:34','2009-10-08 23:41:27'),
('190','5','90','Illo odio sunt soluta dolore. Et in assumenda quis error et qui. Sapiente accusamus impedit ut soluta sed. Aut reprehenderit sint laborum quasi labore harum quam. Ut mollitia ex unde beatae officia velit.','numquam','68',NULL,'1976-07-01 01:47:06','1995-04-14 11:17:20'),
('191','1','91','Voluptas sit quasi est aut. Ea modi minus tenetur quas a perferendis. Qui minima eligendi perferendis quae qui minima. Ut corporis veritatis rerum mollitia.','in','11569165',NULL,'1974-08-11 10:26:12','1984-12-06 07:10:34'),
('192','2','92','Porro id voluptate atque recusandae. Veritatis quas illo vitae qui nihil. Minima dignissimos labore at odio quas blanditiis.','placeat','7095',NULL,'2006-07-02 14:29:10','1973-02-26 05:36:08'),
('193','3','93','Accusamus dolorum occaecati quibusdam vel laborum ipsam. Temporibus ex sit est. Dicta explicabo rem sit voluptatem. Dolore laboriosam a illo quia quisquam sint magnam.','repellendus','3712754',NULL,'2003-12-26 19:02:06','2002-11-30 09:18:49'),
('194','4','94','Temporibus reiciendis autem nam saepe ut cum consectetur. Corrupti et autem debitis quia et. Minus quo qui fugiat qui fugit ea.','labore','45189192',NULL,'2000-11-23 11:12:17','1975-12-27 15:59:24'),
('195','5','95','Voluptatum asperiores molestiae nostrum. Aspernatur illum maxime autem corrupti et. Aspernatur ad qui illo saepe. Dolorem perferendis et harum.','at','64',NULL,'1997-09-02 05:36:30','1973-10-24 10:25:01'),
('196','1','96','Dicta architecto quasi est pariatur natus. Sapiente aut nihil quam iure nihil facere. Consequatur quia animi quia quidem. Ut aut similique neque enim quasi ut.','esse','0',NULL,'2005-08-05 07:56:13','1977-08-19 12:50:37'),
('197','2','97','Eum deserunt dolorum quidem et voluptate temporibus. Aliquam labore distinctio dolore harum asperiores et necessitatibus. Et ut cumque ratione sint.','amet','27903387',NULL,'2014-06-18 08:47:19','1980-07-24 22:02:07'),
('198','3','98','Et commodi minima et dolor eius asperiores voluptatem ut. Cumque sint in aliquid hic omnis vel rem. Et ipsa quam in ab et. Aspernatur officia velit odio deleniti.','et','119598175',NULL,'2004-08-08 09:16:19','1984-09-27 02:24:25'),
('199','4','99','Aperiam illo dolores labore nostrum nostrum. Vel ipsam voluptatem nihil. Incidunt architecto ad impedit sed recusandae dolores quod. A aut et ipsam eos.','velit','632751421',NULL,'1979-01-17 09:37:12','2002-07-20 10:03:33'),
('200','5','100','Praesentium sed repudiandae omnis voluptatem ad odio nobis. Autem ut est voluptatem qui enim. Deleniti voluptatem corrupti laboriosam corporis nostrum.','expedita','975',NULL,'2017-03-18 07:22:01','1987-01-27 21:53:27'),
('201','1','1','Ipsam nemo aut sequi cumque rerum quis magni. Rerum tempora sint inventore et. Labore adipisci nesciunt aut repellat quas perspiciatis. Id eum quod expedita dolores perspiciatis blanditiis.','nostrum','182180',NULL,'1983-07-28 07:38:53','1995-11-24 06:18:18'),
('202','2','2','Dolores deleniti porro rerum voluptas et consequatur ut sint. Possimus vel quis ut quia dolor totam ullam. Eaque culpa nihil officiis et et dicta eum.','culpa','9849471',NULL,'1976-03-03 14:29:54','2017-01-14 13:14:18'),
('203','3','3','Recusandae et tenetur omnis occaecati magni nesciunt. Consequatur voluptatum repellendus ea dolores laborum ut corrupti asperiores. In qui qui a in repellat ut ut recusandae.','voluptatibus','0',NULL,'2016-02-02 23:23:46','1984-08-20 21:53:35'),
('204','4','4','Illum incidunt quam necessitatibus earum itaque excepturi. In voluptatibus nostrum expedita et omnis corrupti. Voluptatum sunt ullam dolores animi. Deleniti quod et voluptates asperiores voluptatibus cupiditate sapiente.','ratione','7392',NULL,'1979-10-22 20:25:52','1987-09-24 23:12:59'),
('205','5','5','Ex possimus earum debitis est corporis mollitia. Dicta veniam assumenda distinctio ut. Qui id laudantium exercitationem dolorum suscipit.','repellat','4',NULL,'1975-10-28 04:32:17','2017-03-09 13:05:27'),
('206','1','6','Nostrum dicta expedita velit illo aut ipsum. Ut sequi cupiditate perspiciatis esse dolores. Vero et qui qui. Possimus sit quia voluptas mollitia aliquam.','quaerat','20',NULL,'1979-08-29 14:04:24','2007-01-26 12:09:18'),
('207','2','7','Reiciendis distinctio non et id maiores ipsum aliquam. Quae aut earum reiciendis quos quasi. Quia deserunt quasi labore ea in aut qui. Soluta et sint sapiente reiciendis est.','corporis','94095',NULL,'1974-11-18 03:41:28','2015-02-21 03:04:41'),
('208','3','8','Voluptatem similique tempore nostrum dolorum voluptate cumque. Illum laborum voluptatem animi temporibus. Facilis voluptas quo natus nulla dignissimos sed suscipit. Necessitatibus cupiditate odio reprehenderit voluptatibus non incidunt aut.','eligendi','6',NULL,'1970-04-21 14:17:36','1983-09-24 21:44:26'),
('209','4','9','Eveniet sint magni error facilis nesciunt est deserunt qui. Rerum expedita officia ab libero beatae dolorem. Voluptas enim animi non. Aliquid fugiat veritatis recusandae dolorum.','dolores','0',NULL,'2012-04-01 18:47:23','2001-01-07 09:27:55'),
('210','5','10','Similique soluta cum dicta tempora placeat dolores. Placeat voluptatum asperiores quia similique nostrum voluptatibus. Similique aperiam nobis officia recusandae esse aspernatur odio. Sit consectetur consequatur animi incidunt officia sed.','ad','2',NULL,'1976-07-30 14:26:01','2000-04-07 17:29:40'),
('211','1','11','Eum sit voluptas quaerat illo. Distinctio voluptatem non fuga laboriosam beatae.','commodi','53',NULL,'1990-02-28 04:02:49','2016-12-29 04:55:05'),
('212','2','12','Et aliquam et veniam voluptas. Occaecati doloremque quia nisi eaque. Fugiat soluta et aliquam natus illum incidunt. Quae ut exercitationem voluptate hic et atque expedita.','distinctio','553733396',NULL,'2000-04-05 04:55:16','1996-05-02 17:51:08'),
('213','3','13','Omnis omnis rerum recusandae sed voluptatem rerum velit deserunt. Architecto temporibus labore perspiciatis nobis veritatis. Quas quasi inventore necessitatibus.','iusto','3',NULL,'2001-11-30 00:25:53','1992-03-06 00:48:19'),
('214','4','14','Aut rem hic aut perferendis eius. Eum in sint aut quia fugiat inventore error. Doloribus dicta id quis quo quis voluptatem et. Quidem delectus et sint.','est','4',NULL,'2006-11-27 15:47:56','1988-02-19 00:21:14'),
('215','5','15','Id quae nihil earum atque eum aut culpa. Soluta voluptatem quod qui voluptatum expedita autem velit. A neque ad molestiae in inventore. Nulla porro quo blanditiis necessitatibus rerum et eligendi. Sit recusandae consequatur odit error est aperiam quis.','similique','469259',NULL,'2002-08-03 13:34:04','1982-10-29 21:43:16'),
('216','1','16','Modi reiciendis eos velit odio. Dolor reiciendis sit et fugit corporis rerum. Ut pariatur qui ut et ut et eligendi. Dolores neque suscipit quia culpa.','velit','9894',NULL,'1998-05-23 11:12:46','2010-02-19 10:09:35'),
('217','2','17','Perferendis ipsa est pariatur quaerat quia. Asperiores deserunt beatae esse qui voluptatem in. Quis voluptas ducimus aut non aliquid.','in','55261',NULL,'1994-04-08 04:04:58','1972-09-25 02:59:38'),
('218','3','18','Dignissimos et recusandae aliquid ducimus perferendis beatae pariatur maxime. Eaque quis possimus quas similique eligendi eum quasi. Iusto provident aspernatur et consequatur.','sit','9839624',NULL,'1997-09-02 15:59:41','1989-06-09 19:46:24'),
('219','4','19','Cumque ut laudantium blanditiis soluta quaerat. Cupiditate fugiat nisi enim. Consequuntur ea quaerat dignissimos enim. Id iure omnis qui ab est voluptatibus aut.','quasi','2573444',NULL,'1978-01-11 05:50:34','2013-07-02 04:34:16'),
('220','5','20','Dicta itaque culpa quaerat exercitationem consequatur eveniet quis. Quam est qui esse sint ea voluptas molestias.','voluptates','7476',NULL,'1989-01-04 16:28:42','1980-10-02 22:20:59'),
('221','1','21','Non illum beatae culpa dolorum sapiente ad omnis. Blanditiis amet voluptatem consequatur quisquam quos sit. Facilis voluptatibus enim doloribus earum consequuntur ipsa.','qui','642',NULL,'2010-01-09 11:47:42','1989-02-20 02:18:52'),
('222','2','22','Dolorem officia molestiae ad molestias quo aut. Dignissimos in neque possimus dolorum alias optio. Ut temporibus ducimus illo dolorum repellendus. Provident ducimus vel inventore occaecati ex voluptatem. Atque est voluptatem praesentium est ut.','corporis','8',NULL,'1983-06-24 11:54:44','1987-08-15 15:39:16'),
('223','3','23','Atque rerum tempore impedit quas iure sapiente. Porro veritatis ut aperiam quod est. Voluptas dignissimos aut sit rerum praesentium ut dolorem.','est','3',NULL,'2002-11-03 17:04:56','1977-10-15 01:40:51'),
('224','4','24','Eos sunt ea ut. Est laboriosam debitis facilis vel dicta et ex. Porro nemo cumque quo id quidem deserunt. Odio libero quas provident accusantium delectus.','quia','586',NULL,'1979-04-27 10:08:15','1974-06-08 01:06:32'),
('225','5','25','Temporibus porro eius quo nobis aspernatur labore dolor. Id error aut mollitia non iste. In omnis sed est suscipit vero. Quis aliquam ducimus nam tempora autem quis placeat. Omnis ipsa est cum et.','et','276',NULL,'1971-11-03 19:23:56','1992-01-30 18:12:12'),
('226','1','26','Iste expedita nisi architecto et voluptatum cumque. Dolor accusantium aut quis sit vel provident. Labore architecto ad dolore nemo eligendi rerum. Iste sint voluptatem sint voluptates maiores tempore rerum.','odit','4',NULL,'1991-01-20 15:35:52','1974-01-01 06:08:45'),
('227','2','27','Id qui ullam similique. Rem ipsam laboriosam eum ipsam tenetur est. Facere dolor qui soluta corrupti minima dicta assumenda. Repellat sed non libero nemo repudiandae fugit fuga.','vel','67146',NULL,'2006-10-05 19:43:54','2008-04-26 11:11:36'),
('228','3','28','Voluptatum recusandae quia eaque est natus exercitationem sint. Quam qui fugiat pariatur ut. Soluta vero facere inventore nostrum. Necessitatibus aut explicabo est qui atque laudantium velit rerum.','inventore','170652',NULL,'1984-10-27 11:33:14','1990-04-19 13:29:13'),
('229','4','29','Et et non mollitia illo velit ipsam inventore. Officia quo ipsa itaque quae. Impedit sed qui veniam occaecati et ullam. Et dolore placeat est consequatur. Culpa nemo velit doloremque excepturi repellendus.','pariatur','48421',NULL,'2015-12-26 23:51:20','1986-12-11 14:33:55'),
('230','5','30','Consequatur eveniet soluta a minima qui. Eaque aliquid et ut officiis cum voluptas libero et. Quisquam quia recusandae nihil ut est et. Id quaerat sapiente vel nisi repellendus autem quis.','odit','3581163',NULL,'1993-11-02 20:52:59','1988-12-31 11:22:12'),
('231','1','31','Esse est harum voluptas mollitia suscipit. Minus sit accusantium et esse velit eius.','quia','5209',NULL,'1978-09-24 14:00:52','1984-09-16 07:54:09'),
('232','2','32','Dolores molestiae et minima est qui cumque. Iure natus excepturi error. Quos ea et dolorum aliquid. Adipisci vel consequuntur facilis.','aliquid','9',NULL,'1994-01-09 14:25:28','1983-10-07 06:47:00'),
('233','3','33','Soluta dolor in accusamus labore saepe vero dolores ipsam. Numquam ipsum hic animi cum officia ut. Unde quia doloribus et a aliquid.','quisquam','210475074',NULL,'1984-01-11 12:24:45','1986-10-17 12:52:18'),
('234','4','34','Odit omnis nostrum est labore molestiae molestias rerum. Voluptates provident sapiente et odit et mollitia earum est. Officia magni labore cumque voluptas illo aut rem. Sed voluptatem omnis sunt magnam eius voluptatibus necessitatibus.','quia','0',NULL,'1991-12-11 19:58:24','1987-06-25 14:28:29'),
('235','5','35','Amet repellat rerum magni ea a excepturi optio. Praesentium voluptatem reiciendis illum aperiam. Labore aut pariatur excepturi consectetur et.','quo','1',NULL,'2014-05-01 02:41:53','2009-10-13 18:53:48'),
('236','1','36','Eum omnis aspernatur fuga tenetur. Qui maiores quibusdam explicabo mollitia. Architecto repudiandae aspernatur ducimus atque saepe natus qui. Ipsa quasi ad eaque ipsum nesciunt saepe molestias. Laboriosam quia quia quam accusamus similique similique.','maiores','96',NULL,'1994-11-23 17:58:59','1978-08-10 09:55:42'),
('237','2','37','Deserunt sed eligendi ut quia. Saepe voluptate consequatur provident voluptate perspiciatis id ipsum. Doloribus soluta id rerum voluptas ut aspernatur.','tempora','0',NULL,'1995-06-24 22:23:06','2002-02-01 08:36:05'),
('238','3','38','Earum occaecati et nam. Vitae eum suscipit vel cumque quia. Est quia nobis deleniti odit laudantium facere. Praesentium et consectetur quaerat id accusantium quam quas sint.','illo','44',NULL,'1986-08-26 18:50:38','2010-06-17 00:14:32'),
('239','4','39','Aperiam reprehenderit sit sed et ipsam doloremque quis. Voluptatem eius culpa autem. Provident et aut dolor placeat non quia voluptatem.','qui','7',NULL,'1988-10-10 05:38:08','1995-10-03 02:12:15'),
('240','5','40','Ad facilis dignissimos nulla rerum omnis voluptatem voluptatum est. Vero ea non reiciendis optio consequatur. Nobis sit sapiente eligendi dolorem delectus reprehenderit.','sit','78',NULL,'1992-08-30 11:29:50','1991-12-01 08:56:54'),
('241','1','41','Qui dolore alias ut sit eaque fugiat. Et tempora eum possimus consequuntur aspernatur quae voluptatem. Occaecati itaque praesentium ex rerum recusandae.','beatae','6824',NULL,'2011-04-18 23:41:30','1974-04-04 10:01:21'),
('242','2','42','Architecto et voluptas cupiditate qui incidunt eum vitae. Qui ipsa fuga omnis ratione eos. Veniam aut est voluptatem fuga ex. Repellendus asperiores est ratione in.','dolor','5',NULL,'2012-05-24 22:34:14','1986-06-23 09:09:42'),
('243','3','43','Voluptatibus similique ut minus. Magnam enim illum beatae et velit sequi. Aut praesentium aut in temporibus.','nobis','150575',NULL,'1979-08-28 19:32:46','2004-01-04 18:04:26'),
('244','4','44','Ullam fugiat natus minus nemo. Et laboriosam quia veritatis eos a animi aut accusantium. Perspiciatis aliquam eius iste dicta sint.','autem','98522',NULL,'2019-06-30 16:03:29','2017-03-31 03:50:53'),
('245','5','45','Ad consequatur reiciendis quo molestiae. Incidunt sed voluptatibus explicabo ut quos qui quia aut. Enim sed ut eaque architecto pariatur laudantium inventore.','ab','54281804',NULL,'1987-04-28 18:12:20','2017-01-28 13:23:30'),
('246','1','46','Tempora ut assumenda neque error rem tempore eos repellat. Ea reiciendis inventore repellendus excepturi. Sit rerum unde est rerum. Architecto nihil suscipit hic ut quae.','eos','778049',NULL,'1970-12-05 11:19:05','2019-04-16 17:32:27'),
('247','2','47','Velit reiciendis minus quia corrupti distinctio ex incidunt ipsam. Doloribus ea voluptates alias enim explicabo dolores. Alias ut quia reiciendis tenetur ipsam quae fugit.','hic','1',NULL,'2015-09-28 17:47:34','1998-02-20 22:44:52'),
('248','3','48','Alias et inventore velit earum. Est deleniti aperiam qui error corporis sint rem ut.','nisi','0',NULL,'2015-12-16 09:29:56','1986-06-14 08:42:08'),
('249','4','49','Et quam aut delectus. Et autem sint qui adipisci in. Maiores beatae omnis consequatur. Dolor pariatur dolorem voluptates quos qui.','inventore','1',NULL,'1980-02-14 00:17:22','2007-06-25 01:40:50'),
('250','5','50','Alias tempore officia nihil eveniet eveniet sapiente ex. Officiis quas quasi rerum. Aut excepturi autem repellat. Dolor sint eius inventore commodi.','blanditiis','956',NULL,'1983-10-20 22:32:15','1974-01-04 12:57:10'),
('251','1','51','Qui est dolor magni minus ratione. Est iusto impedit rerum velit ullam quae in. Ea hic esse et et quas culpa reiciendis. Inventore quae laborum sit.','atque','40',NULL,'1987-01-06 18:52:58','2003-11-08 04:47:03'),
('252','2','52','Repellendus facere nihil aut ea ducimus eius voluptatum a. Nesciunt et corrupti quaerat deleniti eius.','quisquam','219951717',NULL,'2019-06-17 14:36:36','1971-03-15 02:56:42'),
('253','3','53','Tenetur quibusdam incidunt qui eos eveniet. Impedit labore ut error velit fuga. Repudiandae quae ut quisquam voluptates dolores.','est','51',NULL,'2008-02-11 17:10:32','2001-05-21 04:32:15'),
('254','4','54','Ut quisquam voluptatibus aut beatae. Dignissimos dolor doloremque dolorem iusto omnis. Non ad omnis vero.','maxime','3244161',NULL,'1998-02-21 07:44:36','1996-08-24 22:04:59'),
('255','5','55','Laboriosam exercitationem cupiditate beatae minima ut hic consequatur. Mollitia quia et qui id voluptas minus incidunt quia. Nemo autem rerum voluptatem soluta ad cupiditate sunt. Quas quasi neque sint nostrum dignissimos ipsum itaque. Ipsa illo itaque aut laboriosam nihil.','omnis','561844228',NULL,'1983-11-26 17:15:38','2008-11-20 17:08:40'),
('256','1','56','Quibusdam temporibus iste itaque doloremque reprehenderit esse praesentium. Repellendus placeat velit quae sed necessitatibus quia. Eligendi iure illo eveniet beatae maiores et quo. Natus quis esse esse aspernatur dolorum harum ea aliquam. Iusto voluptatem est dolores molestias aperiam.','voluptatem','12',NULL,'1986-09-02 10:33:19','1999-04-12 16:57:11'),
('257','2','57','Non ab ipsam minus qui. Voluptas eius repellendus voluptate praesentium ex. Aut officia sint ex expedita mollitia in.','eos','61614080',NULL,'2000-08-12 02:22:53','1995-10-12 03:50:37'),
('258','3','58','Laudantium qui veritatis delectus beatae voluptate itaque. Non necessitatibus in quidem eos. Eligendi porro alias repellendus veniam. Voluptatem aut dolor quia eligendi porro.','nemo','8898531',NULL,'2009-05-18 03:21:02','1998-08-27 02:21:28'),
('259','4','59','Fuga dolorum molestiae officia velit earum itaque cupiditate nam. Tenetur at praesentium vel modi reprehenderit harum adipisci sit. Nesciunt est omnis alias vel. Quia laborum aliquid excepturi consequatur iste.','molestiae','9691240',NULL,'2001-04-09 13:27:01','1995-08-09 08:36:40'),
('260','5','60','Nobis recusandae ipsam et sapiente nisi nobis adipisci. Voluptatem omnis ipsa commodi vero consequatur voluptates modi. Et iste harum eum fuga. Saepe et aut voluptatem qui voluptas corrupti.','repellendus','6661',NULL,'1984-02-22 00:47:18','2003-12-09 18:23:08'),
('261','1','61','Dolorem deserunt fugit suscipit et architecto labore. Perferendis voluptatem corporis qui maiores autem inventore doloribus. Dolorem itaque officiis ut possimus quidem.','eos','9',NULL,'2012-02-08 10:37:12','1989-03-24 05:52:12'),
('262','2','62','Laudantium deleniti est et accusamus. Hic autem delectus molestias nihil dolores aut amet. Praesentium velit iure itaque ab consectetur aut. Quibusdam quia tenetur quisquam ut ea qui.','beatae','240',NULL,'2018-10-09 13:27:31','2011-12-29 16:27:28'),
('263','3','63','Soluta architecto numquam quisquam et. Praesentium quasi blanditiis vero autem quia. Consequatur nemo corrupti eum et est veritatis sit ipsam.','sequi','2012573',NULL,'1993-12-07 05:00:41','1970-01-04 08:28:05'),
('264','4','64','Error fugiat dolor est tempora voluptas. Voluptatum impedit voluptatem nostrum cupiditate ut laborum porro. Aut aspernatur odit quidem exercitationem dignissimos repellendus sunt. Fugiat odio maxime laudantium ipsa consequatur earum voluptatem.','autem','70',NULL,'1978-03-05 20:37:37','1995-06-16 13:07:23'),
('265','5','65','Aut nisi fugit alias neque. Ut ut vel commodi itaque expedita culpa quo illo. Nostrum autem et hic debitis.','corrupti','6119318',NULL,'2008-09-28 08:44:35','1980-03-21 20:50:48'),
('266','1','66','Quidem in quo voluptas magnam. Aut perspiciatis qui eligendi ut quia. In numquam a ipsa molestias suscipit. Qui qui aperiam ad est iure culpa.','ut','0',NULL,'2008-04-07 01:13:04','1988-01-23 02:36:11'),
('267','2','67','Consequatur odit quasi et et qui autem. Recusandae alias aut temporibus reprehenderit harum. Animi doloremque et fuga odio id ad.','aut','0',NULL,'1976-10-02 16:42:26','1983-07-21 07:32:13'),
('268','3','68','Id et doloribus totam hic. Iusto et et rerum maxime expedita aut labore iure. Optio et molestiae aut occaecati dolorem aliquid.','blanditiis','832605242',NULL,'2012-11-17 07:47:16','1981-05-04 04:03:04'),
('269','4','69','Odit ex recusandae velit fugit reiciendis. Error ab aut vitae et nihil ex. Libero consectetur est rerum saepe. Repudiandae et unde vel nesciunt tempora.','id','0',NULL,'1983-04-17 15:22:06','1986-04-03 07:02:15'),
('270','5','70','Blanditiis distinctio assumenda dignissimos rem laboriosam et. Voluptate temporibus qui voluptas voluptatibus quia eligendi recusandae.','consequuntur','0',NULL,'2005-09-15 10:30:52','2012-06-03 05:14:16'); 


DROP TABLE IF EXISTS `media_types`;
CREATE TABLE `media_types` (
  `id` bigint(20) unsigned NOT NULL AUTO_INCREMENT,
  `name` varchar(255) COLLATE utf8_unicode_ci DEFAULT NULL,
  `created_at` datetime DEFAULT current_timestamp(),
  `updated_at` datetime DEFAULT current_timestamp() ON UPDATE current_timestamp(),
  PRIMARY KEY (`id`)
) ENGINE=InnoDB AUTO_INCREMENT=6 DEFAULT CHARSET=utf8 COLLATE=utf8_unicode_ci;

INSERT INTO `media_types` VALUES ('1','reprehenderit','1983-09-15 19:00:57','1992-05-07 01:15:11'),
('2','quisquam','2001-11-27 02:25:23','1998-10-24 12:36:19'),
('3','nostrum','2007-10-08 08:15:14','2007-11-21 10:57:58'),
('4','quis','1977-07-05 12:55:26','2008-01-31 23:29:01'),
('5','aut','1987-02-11 09:56:45','1989-03-23 05:03:31'); 


DROP TABLE IF EXISTS `messages`;
CREATE TABLE `messages` (
  `id` bigint(20) unsigned NOT NULL AUTO_INCREMENT,
  `from_user_id` bigint(20) unsigned NOT NULL,
  `to_user_id` bigint(20) unsigned NOT NULL,
  `body` text COLLATE utf8_unicode_ci DEFAULT NULL,
  `created_at` datetime DEFAULT current_timestamp(),
  PRIMARY KEY (`id`),
  KEY `messages_from_user_id` (`from_user_id`),
  KEY `messages_to_user_id` (`to_user_id`),
  CONSTRAINT `messages_ibfk_1` FOREIGN KEY (`from_user_id`) REFERENCES `users` (`id`),
  CONSTRAINT `messages_ibfk_2` FOREIGN KEY (`to_user_id`) REFERENCES `users` (`id`)
) ENGINE=InnoDB AUTO_INCREMENT=195 DEFAULT CHARSET=utf8 COLLATE=utf8_unicode_ci;

INSERT INTO `messages` VALUES ('1','1','1','Hic aut esse ab voluptas quia. Aut laudantium quo est.','1983-06-08 08:06:48'),
('2','2','2','Vitae eos nisi laborum quod et. Repellendus sunt rerum fuga sed ipsam voluptas in. Quaerat quas nam voluptatum esse odit ut.','1976-10-30 10:43:08'),
('3','3','3','Culpa aut sapiente dolorem voluptas corporis harum. Qui ut iure quia aliquam. Quas amet eius rerum.','2001-10-30 13:02:16'),
('4','4','4','Numquam non molestias pariatur nihil esse. Qui dignissimos itaque minus totam id doloribus soluta. Perferendis nihil perferendis ullam odit consequuntur aut vel. Architecto tempore quis voluptatum numquam.','1974-03-28 17:04:32'),
('5','5','5','Velit et velit architecto aut repellat dolorem voluptatem consequuntur. Temporibus maiores corporis est autem velit unde sunt voluptates. Tenetur doloremque modi possimus enim consequatur illo autem. Quia temporibus tempore fugit impedit omnis illo soluta. Distinctio odit exercitationem iusto dolorem.','1972-11-09 17:30:36'),
('6','6','6','Quae voluptatem aut voluptatem ad a ea facilis sint. Perferendis quia sunt officia possimus consectetur ducimus similique blanditiis. Et qui eum alias qui debitis eum. Qui error cumque quis sunt tempore possimus eum saepe. Dolor in maxime totam doloremque.','1993-08-12 18:28:05'),
('7','7','7','Eius distinctio sed facere animi amet quod exercitationem. Veniam cum occaecati suscipit. Qui eligendi nihil sit delectus id ducimus.','1989-07-20 11:39:37'),
('8','8','8','Quae qui unde id cum. Adipisci quo est molestiae sunt. Ex id quas aut. Magnam nisi dolorem vel illum vel maiores alias fugiat. Nihil cupiditate eum sed rerum in consequatur culpa.','2017-11-05 00:02:29'),
('9','9','9','Est explicabo sed hic dignissimos consequuntur eius ea. Rerum quas enim rerum ad ut id minus enim. Omnis omnis ducimus est eum et natus.','1992-11-19 05:54:09'),
('10','10','10','Velit laudantium voluptatem aperiam aut officia. Mollitia cumque voluptas facere est. Cum et in architecto ut voluptas et libero.','1994-01-05 14:39:17'),
('11','11','11','Qui velit non ut impedit. Sit aperiam corrupti est adipisci dolorem ipsam. Vitae quia exercitationem molestiae aut a maxime. Illo saepe vitae est et rerum quo molestias. Alias reiciendis iste rerum corrupti quis animi alias.','2009-08-29 07:24:27'),
('12','12','12','Autem sed sint voluptas dolore. Explicabo beatae adipisci est occaecati tenetur modi minus. Molestiae porro praesentium eius voluptatibus facilis.','2005-10-15 03:28:09'),
('13','13','13','Esse voluptatem doloribus voluptatem reprehenderit et. Minus voluptatum qui rem et iste. Earum ut necessitatibus est cumque iure. Culpa omnis odit ipsum nulla eum autem. Ut earum laudantium minima.','1989-04-06 12:04:50'),
('14','14','14','Reprehenderit laboriosam ad tenetur sunt ab quasi. Officiis molestiae facere et voluptatem nemo dicta quod. Fugiat ab quisquam ipsum exercitationem iusto.','2017-01-25 16:56:54'),
('15','15','15','Id qui delectus adipisci et quis ab tempore. Tenetur et debitis ipsa. Voluptatem impedit sunt consequatur eligendi cumque dignissimos sunt excepturi.','1976-09-24 12:38:21'),
('16','16','16','Aut debitis incidunt unde dolores at. Esse et fugit repellendus qui non nam. Quis quasi est autem mollitia voluptatem quo. Saepe ea id aspernatur cupiditate.','1985-05-20 05:47:31'),
('17','17','17','Nihil ad quod enim voluptatem minus laborum. Et rerum sequi sequi et dolores debitis totam iusto. Similique alias odit hic est fugiat. Asperiores debitis placeat deserunt nihil non.','1982-03-24 04:05:57'),
('18','18','18','Soluta qui aut iure non voluptas eaque exercitationem. Inventore tenetur nostrum eos neque rerum et. Et vitae libero voluptas et harum nihil.','2010-08-13 13:14:16'),
('19','19','19','Qui nesciunt quam aliquam commodi esse enim minima. Error illo optio consequatur totam eos quisquam consequuntur.','1978-03-20 18:47:36'),
('20','20','20','Quis ut at iusto ipsum nam id est. Sed delectus laborum libero est voluptas qui. Consequuntur molestiae non natus culpa. Occaecati voluptatem nesciunt tempora nesciunt veritatis.','1985-12-30 04:04:45'),
('21','21','21','Et explicabo ullam tempore quis quis mollitia. Ad placeat architecto iure atque praesentium voluptates et. Facere qui consequatur nisi animi aut a.','1978-12-24 15:48:11'),
('22','22','22','Corporis earum quis vel non iste laudantium dolor rerum. Adipisci doloribus excepturi cupiditate et accusantium. Voluptatibus ab sunt id autem quisquam ex. Quia eveniet sit culpa corrupti nulla blanditiis tempore. Assumenda pariatur quis ipsa quos voluptatem explicabo.','1983-11-30 09:46:23'),
('23','23','23','Pariatur autem officiis voluptates. Nam ut molestiae est sit id aut. Quis eos harum et omnis. Culpa est ullam et quia aliquam at.','1995-12-28 09:09:33'),
('24','24','24','Incidunt doloremque quod unde excepturi tempora maiores. Molestiae eaque modi quo. Voluptas ut voluptatem quia voluptatem.','1979-01-21 12:34:15'),
('25','25','25','Veniam omnis consectetur molestias quam in laboriosam voluptas. Dolor ad rerum et quia. Pariatur aut autem et autem itaque.','1976-08-01 07:51:31'),
('26','26','26','Sunt consequatur aut quo quae quibusdam quo voluptatum. Ut expedita autem omnis eos repellendus incidunt. Voluptatum molestias ut et sapiente nobis aliquam quidem.','1986-10-25 10:36:45'),
('27','27','27','Voluptas reiciendis iure deleniti non est. Iste commodi aut tenetur et aperiam. Accusantium et et maxime qui. Nisi saepe nobis et blanditiis voluptatibus quasi.','1977-08-09 08:21:18'),
('28','28','28','Natus optio natus culpa recusandae quod tenetur cum. Quos maxime tempore omnis repellendus. Et ducimus exercitationem in quod.','1986-07-29 13:09:19'),
('29','29','29','Voluptas aut aliquid quaerat sunt quo harum sit molestiae. Sed sit labore error ut nesciunt minus voluptate. Aliquam soluta possimus aut consectetur.','2006-04-16 16:18:23'),
('30','30','30','Quo voluptatibus quo voluptatibus. Et et quis ratione suscipit sapiente harum sed architecto. Voluptate at totam molestias facere illum.','1995-08-13 21:10:56'),
('31','31','31','Quam qui voluptatem dignissimos sunt ut tempore. Deleniti sequi nostrum vel laudantium dolore esse aut. Nostrum expedita quos voluptatibus officiis. Cum quibusdam nisi ut repellendus voluptatem.','1995-10-23 18:53:36'),
('32','32','32','Excepturi voluptas repellat aut. Error unde cum fugiat nostrum voluptas velit eos sint. Autem aut voluptatibus laudantium earum optio fuga quos. Voluptas eos esse sapiente quia sint dolore.','1972-04-22 22:22:40'),
('33','33','33','Qui odio voluptas minus. Itaque in est mollitia illo. Quia praesentium similique consequatur provident laborum saepe. Ex et nostrum sunt.','2011-06-03 16:41:02'),
('34','34','34','Sint voluptatem possimus ipsa quae tenetur quidem. Nam ut repellat in quasi soluta repellat. Fugiat est est beatae ut quaerat enim doloribus. Doloremque quia sed in blanditiis eos quos.','1991-10-13 11:26:22'),
('35','35','35','Illo laborum adipisci doloremque odio numquam aut omnis. Blanditiis fugiat a expedita explicabo. Ea voluptas iusto nihil facilis qui est.','1989-05-11 18:29:36'),
('36','36','36','Voluptatem aut et ut voluptas veniam labore sequi. Soluta laborum reiciendis debitis cumque aliquam rerum. Possimus in sunt et nisi et temporibus. Corporis possimus enim autem saepe eligendi.','1999-10-12 23:21:56'),
('37','37','37','Nostrum cupiditate voluptas culpa itaque quia deleniti qui velit. Labore in omnis sequi molestiae modi in ut vel. Sapiente unde et quia est culpa ipsa eum.','1979-01-08 17:15:50'),
('38','38','38','Asperiores necessitatibus facilis voluptatem sapiente provident vel dolorem. Autem explicabo perspiciatis sed eum rem. Molestiae enim aut quisquam voluptas.','1995-06-10 03:52:03'),
('39','39','39','Modi qui nesciunt necessitatibus voluptatem. Quisquam ut quam dolorem possimus placeat. Nulla qui qui possimus cum maxime explicabo odio.','2009-02-09 02:01:29'),
('40','40','40','Possimus sint deserunt fuga qui labore. Saepe ratione ex iure. Earum temporibus aut voluptas minima optio impedit nam. Modi commodi culpa soluta omnis sint.','2007-12-05 13:53:08'),
('41','41','41','Et eos libero possimus ex. Et ea necessitatibus voluptatem debitis dolorum cum. Eius dicta ut id et qui. Ut et provident sint accusantium laborum perspiciatis.','2014-06-24 16:54:08'),
('42','42','42','Dolor iste doloremque aliquam. Laborum mollitia ipsam quas non. Facilis blanditiis asperiores qui nostrum minus doloremque.','1990-02-28 16:21:28'),
('43','43','43','Quis veritatis animi dignissimos ex inventore totam nobis id. Possimus dolores dolorem quibusdam sed. Qui quia hic et labore excepturi. Quia amet dicta tempore quia doloribus.','1972-06-06 08:12:41'),
('44','44','44','Eaque sint asperiores aut quidem quo et. Cupiditate similique inventore itaque aut voluptas omnis. Animi assumenda omnis sequi.','2014-01-29 11:44:19'),
('45','45','45','Sed vel et libero illum. Quod fuga sed quisquam reprehenderit veritatis eveniet animi. Maiores ea ut possimus et iusto quia iure et.','1972-09-23 00:29:58'),
('46','46','46','Ipsa suscipit sit delectus ut molestiae et quo. Natus et quia aut dolores. Dignissimos ipsum illum iste commodi eum consequatur amet nemo.','1993-05-20 04:00:12'),
('47','47','47','Quis voluptatem eum qui asperiores est molestiae. Expedita aliquam quidem distinctio laudantium delectus mollitia ipsam praesentium. Molestias voluptas odit veritatis molestiae sunt dolorem modi architecto. Aut harum qui nisi provident vero molestiae.','1988-08-08 10:39:02'),
('48','48','48','Aut qui quis iste. Cumque vitae at vel magni tenetur. Et doloremque ipsum voluptates non nisi aut.','1997-11-16 13:04:13'),
('49','49','49','Doloribus cumque id quia culpa quia et. Quia sed qui enim harum rerum. Omnis qui qui facilis odio quos. Nihil dicta temporibus saepe nemo voluptates nostrum eveniet.','1989-01-07 07:28:44'),
('50','50','50','Dolor ducimus qui sed qui sit. Et et minus officiis iusto veritatis. A suscipit est neque dolores officia voluptates et.','1991-01-22 08:11:32'),
('51','51','51','Enim est et tenetur et esse. Modi debitis maiores omnis et sequi accusamus. Itaque esse dolores sint culpa porro et repudiandae eos. Omnis nam quo minus aut. Praesentium rerum sunt numquam velit tempore reiciendis ut.','1970-08-20 06:45:13'),
('52','52','52','Sint non aperiam quis accusamus optio dicta dolorem. Aut delectus deserunt et iure rerum ipsa tempora. Eveniet ut necessitatibus illo natus.','1976-09-16 14:40:19'),
('53','53','53','Autem consequuntur et non. Delectus consequatur eaque aut laboriosam. Dolorum nulla a facere sit dolorem qui et commodi. Quod in quam nulla amet dolores voluptates. Explicabo dignissimos magni atque fugit consequatur.','1978-12-22 10:40:18'),
('54','54','54','Suscipit ut facere vel qui. Voluptatem delectus quae voluptas.','2004-02-19 09:26:32'),
('55','55','55','Illum consequatur nihil et qui sint illum. Est et itaque sit necessitatibus repudiandae. Inventore perspiciatis dolor incidunt eaque nisi quas. Tempore qui dolores voluptas molestiae nam autem ab corporis.','1997-12-23 18:41:18'),
('56','56','56','Ipsam quasi placeat nam rerum voluptatem rerum id ea. Ad sed et dolor tempora in quae beatae. Ipsam autem vel harum esse officiis suscipit. Voluptas quis doloremque iure sint et voluptatem voluptatem.','1973-11-21 19:12:33'),
('57','57','57','Blanditiis ullam natus excepturi qui veritatis aut unde. Commodi consequuntur quibusdam nemo quia est magni unde. Nam beatae distinctio asperiores repellendus tenetur molestiae.','1977-05-11 01:14:16'),
('58','58','58','Quia iste aspernatur enim tempore illum ut temporibus. Quibusdam id qui aut in. Voluptatum est omnis quo ratione qui. Perferendis illum blanditiis et facilis ut neque omnis.','2000-09-14 08:26:47'),
('59','59','59','Omnis quia odit sunt cumque sit sunt. Ducimus neque non deserunt repellat aut hic sit. Totam optio voluptas sit quos perferendis quasi voluptas sed.','1979-05-24 09:48:58'),
('60','60','60','Consequatur autem voluptates omnis corporis enim aut. Ex aspernatur molestiae eum est. Assumenda quia neque doloremque et totam cum. Velit dicta quia molestiae maiores autem quo dicta. Fugit consequatur deserunt beatae animi esse.','1994-04-26 22:17:08'),
('61','61','61','Velit omnis qui voluptate quia doloremque velit. Ea deleniti et voluptas quibusdam libero harum sapiente. Delectus corporis eos ut veritatis nisi. Quos modi ut perferendis est. Cumque saepe beatae sit eos.','1992-10-11 04:59:01'),
('62','62','62','Commodi nostrum dolor minus eius molestiae. Quam enim ut perferendis magni laudantium. Sunt beatae eos et nisi et blanditiis.','1993-02-12 23:00:03'),
('63','63','63','Consectetur voluptas itaque sunt perferendis ex et. Et minima sit et eveniet laboriosam enim voluptatum. Exercitationem blanditiis et id voluptas voluptatem doloribus hic earum.','1973-01-20 04:18:13'),
('64','64','64','Ad nobis nulla voluptatibus sed. Omnis veniam sit unde sed. Sapiente magnam facere odit.','1993-03-25 15:36:22'),
('65','65','65','Tenetur nam ratione consequuntur aperiam. Autem odio voluptatem sed porro ad. Id quaerat dolor eaque non molestiae necessitatibus ut.','2009-12-09 00:10:39'),
('66','66','66','Nam aut similique maiores. Numquam quo vel aliquid quia a earum. Blanditiis autem non sint veniam dolor sint. Molestiae enim harum eos delectus quaerat tenetur.','2018-02-19 11:08:19'),
('67','67','67','Expedita aut ea id vel et. Aliquid fugit ducimus ipsa expedita voluptatibus nemo eaque. Et voluptas quo alias quia consequuntur non esse. Architecto iure quia fugiat reprehenderit.','1997-12-03 15:34:04'),
('68','68','68','Eaque eum officiis amet temporibus. Doloribus tempora aperiam debitis non labore expedita omnis. Est quaerat non quos commodi error consequuntur omnis. Et animi qui maxime. Sunt facilis nisi totam voluptatibus veniam quo.','1977-01-30 19:31:33'),
('69','69','69','Quisquam nemo quidem distinctio ut atque aliquam odio. Magnam vel illum fugit. Cumque sint minus ratione sed.','2000-10-08 02:03:56'),
('70','70','70','Voluptas nobis velit sapiente illum voluptatum veniam. Provident in fuga quae voluptate. At numquam vitae assumenda consequatur tempora ut maiores perferendis.','2019-03-22 02:07:10'),
('71','71','71','Nulla quisquam expedita id porro ea omnis qui. Sunt natus et amet. Eum totam id est nihil aut quis. Voluptas quia veritatis nihil iusto aliquam aliquid.','2013-07-10 00:15:47'),
('72','72','72','Aliquid et autem consequatur. Ad laboriosam beatae cupiditate perferendis. Omnis ipsa mollitia asperiores doloribus in quo.','1971-06-10 09:16:22'),
('73','73','73','Voluptates et minus vitae dolor quos aut voluptas quia. Est doloribus sunt aut voluptatem totam. Ut est nisi magnam fugit amet cupiditate ullam. Error debitis est enim beatae vel quos.','1994-08-30 07:59:41'),
('74','74','74','Ut officia libero perferendis ut sunt modi ut. Eligendi omnis corrupti ipsum ut tempore sit.','2004-12-01 06:19:47'),
('75','75','75','Et soluta odio fugit est adipisci. Quo voluptas libero asperiores excepturi. Voluptatem repellat qui ad ullam quo et sunt.','1975-06-23 16:14:41'),
('76','76','76','Quisquam molestiae voluptates omnis et velit. Id voluptatem neque ducimus voluptatem voluptatibus. Vel placeat possimus et.','1981-11-07 18:52:28'),
('77','77','77','Hic aut qui voluptas inventore facilis. Vel ea fuga voluptas voluptatibus. Corrupti necessitatibus et ipsam. Ex similique eum iusto aliquid.','1979-03-18 10:57:33'),
('78','78','78','Sit cum earum quis. Quasi vel dolores eaque laborum aliquid. Aspernatur magni harum perferendis dolore dolores.','1973-01-07 03:58:44'),
('79','79','79','Sunt aliquam tenetur quis. Commodi est natus eaque voluptas. Minima ipsa nihil quia consectetur tenetur corrupti maxime.','2003-01-03 17:13:01'),
('80','80','80','Magnam iure amet sint omnis quia delectus. Tempora ea doloremque dolor nisi. Ipsum voluptatum recusandae sit at animi excepturi.','1973-04-30 19:18:04'),
('81','81','81','Facilis non quibusdam iusto similique repellendus officiis. Voluptas consequatur ut deleniti harum molestias. Laudantium quam est aliquam voluptates odit hic vel suscipit.','1973-09-08 18:57:38'),
('82','82','82','Sunt amet ullam in officia est quas. Inventore qui omnis iusto laudantium ex. Amet exercitationem ab repudiandae ex.','2013-07-21 21:18:24'),
('83','83','83','Placeat est tempora et distinctio nemo sapiente qui illo. Id culpa commodi quia labore. Dolores soluta provident delectus consequatur voluptas voluptas sit.','2009-03-18 19:29:35'),
('84','84','84','Animi totam consequatur commodi sunt. Veniam quisquam tempore explicabo vero corporis nostrum perspiciatis rem. Aliquam aperiam voluptas voluptas sint ut repellendus facere. Voluptate inventore fugiat libero ut explicabo. Maiores incidunt cupiditate quod voluptas provident nobis.','1977-12-20 17:35:52'),
('85','85','85','Quia sequi velit suscipit praesentium quisquam vero. Repudiandae quasi ipsum unde nulla ut.','1997-03-23 15:12:34'),
('86','86','86','Est repudiandae sunt voluptatum voluptatem est tenetur tenetur libero. Sed omnis voluptatem similique dicta architecto rerum in. Voluptate et quae dolore sit magnam. Eaque omnis totam doloribus dolorem temporibus culpa nostrum. Hic saepe commodi sed atque est.','2005-12-16 04:14:13'),
('87','87','87','Placeat unde voluptatem qui ducimus ipsam. Nisi quis fugit beatae quidem nemo. Non eveniet eum minus sapiente provident laborum et. Autem iure dolorem qui ducimus pariatur.','1971-03-14 06:38:57'),
('88','88','88','Omnis enim non voluptas quia et doloremque. Amet pariatur architecto voluptate pariatur doloribus quod. Rerum aut corporis repellendus consequatur non quia ut. Corrupti sed fugit ratione.','2018-09-25 05:33:28'),
('89','89','89','Officia reprehenderit tempore molestiae dolores et nihil optio. Ad eaque aut dicta nisi sunt. Doloribus eos ipsam aperiam voluptatem accusamus. Aut est enim et necessitatibus id ipsam voluptatem. Qui dolores magni dolor.','1972-08-09 05:35:51'),
('90','90','90','Corrupti dolor quia dicta iste. Est fugit velit minima quis error distinctio. Consectetur quasi voluptates qui perspiciatis vero.','1985-01-31 18:06:24'),
('91','91','91','Rerum fuga ex corrupti impedit laborum tempore. Et est praesentium deserunt mollitia. Consequatur modi et corrupti corporis tenetur dolores. Repellendus aut et quisquam minus voluptatem dolor amet aut.','2006-08-03 08:50:41'),
('92','92','92','Praesentium repellat explicabo id dolorem voluptas quae. Ipsam sunt dolor vel magnam. Quam impedit ut quis. Iure pariatur rem ab ducimus et voluptatum excepturi.','1991-11-25 17:50:53'),
('93','93','93','Est et vel et est. Aut omnis est distinctio explicabo sunt fugiat minus praesentium. Et neque itaque qui molestiae. Qui voluptas debitis delectus velit quo libero id. Laudantium assumenda ullam expedita corporis sit cum.','1989-01-14 04:58:25'),
('94','94','94','Exercitationem unde adipisci amet qui facilis. Officia nihil necessitatibus exercitationem cum laboriosam esse nam sint. Consequatur expedita est impedit.','1978-09-11 04:08:32'),
('95','95','95','Cumque praesentium illum nostrum iusto est aut quod. Asperiores earum sed consequuntur dolores. Maxime maxime sint et incidunt.','2019-01-20 09:10:48'),
('96','96','96','Recusandae autem hic necessitatibus. Ea quasi provident dolorum velit aliquam quia. Mollitia sequi blanditiis ut sapiente velit quos autem. Eum accusantium harum autem officia.','1998-11-18 08:42:36'),
('97','97','97','Quia excepturi consequatur perferendis est est ea reprehenderit. Natus sequi accusantium soluta consequatur et. Adipisci consectetur facilis quis numquam eos enim est. Maiores commodi aut harum et ut temporibus quidem.','1972-07-20 18:21:25'),
('98','98','98','Nam quos facere iure earum. Nobis voluptatum sequi qui odio. Distinctio et saepe quisquam odit delectus. Laboriosam adipisci dignissimos blanditiis dolores ut.','1996-10-27 14:11:16'),
('99','99','99','Corporis ut qui quod maiores. Dolorem quaerat eos molestias ratione. Architecto qui numquam fugit quae fugit et exercitationem.','1988-10-22 12:52:10'),
('100','100','100','Consequatur labore quis enim aspernatur fuga voluptates voluptatem ea. Molestiae maiores ex sunt veritatis omnis a aperiam.','2011-04-25 02:25:14'),
('101','1','1','Et est labore dolorem et optio dolorum. Qui nobis autem dolor aliquam pariatur. Voluptate laboriosam vel consectetur non. In minus incidunt aut accusantium.','1980-08-03 20:11:50'),
('102','2','2','Ea aut et cumque voluptates accusamus vero fuga exercitationem. Omnis consequatur aut ut et et iste iste. Consectetur neque quibusdam reprehenderit iusto voluptatem corrupti.','2013-05-18 17:52:17'),
('103','3','3','Maiores magnam ut maiores illum sunt nulla. Necessitatibus necessitatibus nihil eos labore in neque odio consequatur. Voluptas in laudantium sed architecto esse. Eveniet aut rerum fugiat et nisi maiores consectetur.','2001-09-15 03:01:02'),
('104','4','4','Similique et sed earum perspiciatis natus ut. Quis nulla magni sit est debitis ipsum aspernatur.','2016-06-29 02:26:31'),
('105','5','5','Facilis sit dolore eveniet eveniet et voluptas at. Aut rerum dolorem eius vel quos. Dignissimos nemo possimus dolorem impedit illo.','1979-07-29 23:51:23'),
('106','6','6','Illum nesciunt sit sed maiores enim ut aut quo. Aut sed et quis accusamus omnis itaque rerum. Rerum fugiat sit iste voluptatum quisquam impedit autem dolores. Eos qui ipsa necessitatibus.','1989-03-12 09:36:52'),
('107','7','7','Officiis impedit eos suscipit temporibus quae maiores officiis. In ut ratione voluptas distinctio. Et voluptatem voluptas ratione dolorem cumque hic eum. Voluptas enim et non accusamus officia.','2001-05-01 09:42:04'),
('108','8','8','Suscipit aut non aut voluptatem ratione at enim. Sapiente necessitatibus velit facilis vel tenetur. Fugiat animi dolores atque ipsum similique ullam.','2015-10-31 07:37:07'),
('109','9','9','Omnis minima est eaque repellat repellat quas commodi aut. Enim corporis fuga eos velit. Impedit inventore ut deserunt optio explicabo natus eos.','2002-12-23 00:43:19'),
('110','10','10','Qui ut eos dolor odit eum. Harum sed maxime deserunt nemo nisi. Perferendis consequuntur numquam veniam nam iste iure aut aut.','1988-10-12 01:42:59'),
('111','11','11','Aut a cupiditate suscipit earum voluptatem natus delectus voluptas. Perspiciatis dignissimos vero tempore occaecati minus iste sequi rerum. Fugiat fugiat iste et ratione.','1997-12-30 14:04:26'),
('112','12','12','Necessitatibus aut nesciunt ea non facilis ut. Omnis voluptatem velit possimus accusamus voluptate sequi cupiditate eum.','2018-03-25 07:48:56'),
('113','13','13','Quod quis dolores ut. Aut nostrum qui cupiditate possimus aliquid et qui. In doloribus iusto dolor tempora veritatis nobis. Non illo perspiciatis maxime velit.','1988-08-29 18:42:09'),
('114','14','14','Nisi odit et optio non. Sunt sed et aliquid. Dolor error itaque et sapiente cumque delectus dolorem consequatur. Assumenda facere voluptatem cupiditate animi magnam dignissimos illum.','1975-12-25 05:43:29'),
('115','15','15','Quisquam ipsa ratione nesciunt. Qui vero voluptatem labore. Molestiae quia suscipit quo ullam.','2011-06-18 13:33:27'),
('116','16','16','Facilis cum sed placeat ratione officia repellendus. Et ducimus eos ut consequuntur autem accusamus error. Quia omnis itaque eos et harum.','1976-12-27 07:42:50'),
('117','17','17','Quam non quidem sunt. Ab dolorum eius nisi tenetur ut ut porro. Voluptas voluptas occaecati culpa quis. Ducimus labore dignissimos doloremque ut optio.','2013-10-18 22:46:38'),
('118','18','18','Sapiente est nulla doloribus consequatur nihil cupiditate facere. In repellat eos odio odio ullam. Amet omnis perferendis at molestiae. Ipsa natus adipisci aut odit et rerum commodi.','2012-05-19 21:14:50'),
('119','19','19','Repellat odit qui aliquid minima a expedita quia. Et fuga vitae sed explicabo hic. Aut aut suscipit eos vel ea ipsum est.','1981-06-05 07:59:40'),
('120','20','20','Consequatur ut qui necessitatibus ex velit praesentium vitae. Suscipit rerum praesentium ea architecto. Vel ducimus et laudantium ut autem alias sit. Nostrum vitae rem molestiae quasi deserunt pariatur.','1993-08-29 00:44:52'),
('121','21','21','Eum at illo qui blanditiis eos. Soluta culpa suscipit autem. Maxime molestias magnam recusandae dolor earum esse dolor aut. Omnis excepturi in sit consequuntur non ab.','2001-06-15 14:22:03'),
('122','22','22','Quos aspernatur voluptate reiciendis quia omnis et. Expedita architecto occaecati ipsa rerum eveniet. Facilis culpa corporis quo.','2018-05-14 02:28:07'),
('123','23','23','Quidem et provident cumque quaerat illum voluptatem reiciendis. Quibusdam sapiente itaque et quia quis nihil. Reiciendis repellendus magnam quo perferendis nesciunt quibusdam voluptates.','2016-08-27 12:54:10'),
('124','24','24','Magnam repellendus molestiae fuga voluptate ea distinctio distinctio quis. Labore provident sequi voluptatem est quis officia fugiat. In tempore hic tempore nihil inventore aliquam dolore. Nesciunt molestias dicta id reprehenderit et ullam.','1989-02-27 09:12:38'),
('125','25','25','Sed est rerum quisquam aut doloremque ipsa. Quasi nobis optio sed. Molestiae ipsum qui repellendus fugiat molestiae est.','2010-07-09 09:22:29'),
('126','26','26','Soluta impedit nobis est id numquam est. Est eos enim temporibus exercitationem. Repudiandae dicta modi harum autem aliquid molestiae.','1991-01-25 13:47:01'),
('127','27','27','Voluptatem maxime voluptate ipsam non. Sint ad aut incidunt odio ducimus esse. Ullam cum earum et inventore debitis fugit. Doloremque est consectetur omnis est.','1996-01-19 13:13:59'),
('128','28','28','Quibusdam maiores cum dolorem quia rerum error et. Quaerat veritatis sunt in perspiciatis voluptates nam. Porro molestiae animi sit ad ab. Est perferendis et in omnis omnis aliquam fugit. Aut sed amet sint quae.','1996-05-29 11:17:54'),
('129','29','29','Rem ullam voluptatibus qui suscipit similique cum. Dolorem quia et quis. Sed adipisci tempore ea eos ut.','2012-03-17 17:33:47'),
('130','30','30','Odio inventore libero cumque et rerum commodi. Mollitia aperiam fugit perspiciatis ut.','2009-10-14 06:17:46'),
('131','31','31','Enim aut molestiae id suscipit consectetur sint. Nobis accusamus est et commodi ut eum deleniti. Ut sed vel repellendus itaque asperiores et.','1970-02-05 09:47:08'),
('132','32','32','Soluta asperiores est quasi quam dolorem animi asperiores. Laudantium modi autem libero atque architecto est omnis ea. Veritatis doloribus maxime doloremque animi atque sunt voluptatem.','1985-06-12 21:07:32'),
('133','33','33','Expedita in iste velit at dolorem quos natus. Et est quidem praesentium repellendus est. Nemo iste sunt doloribus est tenetur. Rerum sed dolore expedita voluptas est.','1988-04-26 02:30:55'),
('134','34','34','Porro incidunt iusto rerum nam minus adipisci numquam. Non fuga dolores sequi esse et et. Quibusdam recusandae suscipit natus repudiandae consectetur aperiam impedit. Unde nostrum cumque qui voluptatem deleniti veritatis.','1977-08-22 16:09:55'),
('135','35','35','Ea ut deleniti nihil possimus eos aperiam. Quibusdam consequatur dolorum quaerat incidunt. Repellendus eveniet vel similique aliquam dignissimos. Voluptas sapiente et optio dolor.','1995-01-20 19:38:30'),
('136','36','36','Officia dolores quos minus sunt quidem et. Perferendis molestias et aliquid aut illo.','1982-03-06 05:01:52'),
('137','37','37','Consequatur consequatur omnis optio temporibus beatae ex. Exercitationem explicabo magnam eum fugiat quibusdam labore ut ut. Corrupti id minus atque in id molestiae. Similique iusto voluptatem sit sit reprehenderit error.','1991-03-13 13:32:33'),
('138','38','38','Voluptatem autem est eos tempore enim molestiae. Sapiente ut veniam sed animi est sint sint. Voluptatem magnam voluptas vitae cumque eos.','2001-05-26 00:42:55'),
('139','39','39','Incidunt enim eos consequatur dolore libero. Totam sint aut ipsam omnis blanditiis placeat maxime.','1998-06-19 20:26:33'),
('140','40','40','Dolore ullam in et ullam odio autem non aut. Vero iste totam rerum.','2016-01-17 08:14:39'),
('141','41','41','Nisi qui eveniet illo excepturi sint dignissimos aut. Ducimus exercitationem consequuntur aut aspernatur voluptas. Reiciendis eveniet iste voluptatem odit. Et ea facilis nemo rerum nihil.','1990-04-24 13:51:55'),
('142','42','42','At consequatur et natus praesentium consectetur eius aliquam. Dolores adipisci minus voluptatibus ipsam dolores. Voluptas dolor ut rerum modi eum aut et.','1985-08-27 07:27:42'),
('143','43','43','Non nam qui veniam ipsum minima. Minus voluptatibus quidem laudantium consequuntur blanditiis. Provident qui aut voluptatem molestiae.','1988-09-17 23:16:17'),
('144','44','44','Ut blanditiis amet expedita in porro sint esse. Ut possimus error aut et nobis. Totam asperiores impedit aliquid deserunt voluptas pariatur dignissimos pariatur. Consectetur eos expedita dignissimos molestiae sed omnis.','1978-05-03 05:59:16'),
('145','45','45','Praesentium necessitatibus placeat velit velit. Et quis dignissimos eveniet libero consectetur cumque sit. Illo sequi reprehenderit odit asperiores ut.','1978-09-09 20:27:54'),
('146','46','46','Quas at delectus est sit libero ducimus. Modi velit sint nulla quaerat qui.','2002-12-18 02:19:31'),
('147','47','47','Neque blanditiis et unde ut. Vel nihil accusantium ab distinctio excepturi laudantium. Labore aut blanditiis nulla sint. Facere dolores eos harum exercitationem dolores dolor.','1982-01-12 19:02:42'),
('148','48','48','Corporis officiis corporis voluptatum ut rerum dolorem. Rem officia sunt sit nostrum autem qui. Nisi sed voluptatum modi architecto dignissimos molestiae.','1974-03-31 21:04:49'),
('149','49','49','Nam in possimus recusandae saepe distinctio illum. Odio officiis et quo praesentium. Accusamus quos et qui expedita qui quam qui.','1986-07-15 09:42:55'),
('150','50','50','Suscipit nihil blanditiis voluptatem et qui numquam. Qui officia provident consequuntur sint. Nemo et illum recusandae dolor et. Maxime iste debitis odit eaque.','2003-01-20 01:07:52'),
('151','51','51','Voluptatem voluptatem est similique doloremque eum dolores molestiae. Et et sed iste.','1980-04-10 10:11:17'),
('152','52','52','Ab nulla saepe odit et distinctio. Sed error voluptatem optio nulla delectus. Sunt nemo in recusandae quibusdam.','1979-10-11 12:06:34'),
('153','53','53','Eveniet deserunt facere rerum sapiente. Dolore asperiores ipsam exercitationem ipsa incidunt beatae. Ullam non voluptatem omnis. Accusamus non eius excepturi est omnis deleniti.','1984-07-28 19:45:19'),
('154','54','54','Consequatur similique quo eos. Vero exercitationem enim adipisci. Blanditiis aut est voluptatibus delectus.','1982-07-21 00:24:12'),
('155','55','55','Ut dignissimos laudantium neque accusamus aut aut. Laboriosam debitis aut quia ut. Accusantium aut fuga corrupti libero saepe ad. Repellat quis libero ab commodi praesentium.','1999-03-10 09:06:47'),
('156','56','56','Cupiditate libero tempora nihil eos quis aliquid. Laborum est libero nisi voluptate eveniet. Repellendus occaecati occaecati ex quasi repudiandae. Et ad rerum quod hic.','2003-10-08 19:34:50'),
('157','57','57','Error delectus nihil culpa dolorem consequatur esse. Ratione et minima rerum ratione id veritatis culpa.','2019-08-17 12:27:54'),
('158','58','58','Incidunt error quaerat sed expedita porro voluptas. Voluptas et deserunt corporis alias nihil consectetur.','2010-10-12 17:46:49'),
('159','59','59','Saepe provident excepturi dolorem. Nisi illum ut sequi incidunt quis dignissimos. Nihil veniam a quidem accusantium et tenetur voluptatem velit.','2008-11-06 10:12:32'),
('160','60','60','Quia odio sit quod vero. Vel nam occaecati illo odit ut occaecati alias. Vel optio officia quod quia delectus. Eius facere qui quod et ea sed.','2003-03-24 14:42:04'),
('161','61','61','Tempora sit qui ipsa ipsam. Deserunt dolores hic libero aut vitae accusantium ab. Unde dolorem id placeat necessitatibus sed.','1972-11-15 22:51:02'),
('162','62','62','Sed eveniet omnis minima temporibus. Dolorem quo et tempora eligendi libero. Delectus enim natus a pariatur vitae.','2018-11-04 12:27:41'),
('163','63','63','Inventore dolorem quis expedita nihil perspiciatis unde sit. Sunt qui nam id et omnis qui consequatur. Est et eum sit voluptatem a. Architecto incidunt est dolorem voluptates deleniti.','1977-06-01 19:59:44'),
('164','64','64','Ducimus adipisci totam quam quia. Amet fugiat est qui. Iure at officiis et distinctio. Dolores enim est atque et. Debitis provident facilis qui ducimus quo ipsum magni.','1990-08-10 23:12:27'),
('165','65','65','Magnam aut exercitationem harum occaecati. Explicabo fugit et quis distinctio sit sit. Aspernatur beatae animi voluptas aut quod quod. Sint et est soluta.','1982-12-20 05:48:37'),
('166','66','66','Soluta vero vel possimus at soluta commodi sunt. Odit voluptatem impedit nam iure et eos. Possimus architecto molestiae animi consequatur eligendi. Nisi sapiente repudiandae rerum dicta reprehenderit unde dolor.','2010-06-19 23:26:47'),
('167','67','67','Ut amet accusantium ut vero ut. Ipsam est enim dicta consectetur natus consequatur. Expedita dolore tempore natus corrupti est. Tempore aut totam voluptas culpa. Assumenda est exercitationem minima tempora maiores soluta magni.','2006-07-23 23:28:13'),
('168','68','68','Fuga et quia sint quam et laudantium. Ut perspiciatis eveniet vel aut iste mollitia et omnis. Deleniti aut asperiores nostrum et sequi veniam. Expedita qui minus quis tempora omnis dolores distinctio.','1977-04-04 20:06:56'),
('169','69','69','Blanditiis facere neque eos numquam sapiente. Beatae fuga id labore autem quia. Dolorem culpa atque vel quo sit blanditiis nobis in.','2018-03-14 09:48:03'),
('170','70','70','Neque hic quae accusantium nulla. Ipsa et inventore dolore consequatur omnis nisi. Consequuntur sed eos tempore dolor eum laudantium.','1977-07-18 08:54:01'),
('171','71','71','Id beatae eveniet qui consectetur excepturi natus. Est pariatur explicabo vel quam odit ut. Consequatur odit neque consequuntur qui numquam quasi dolorem. Inventore et illum sed dicta et aut.','1982-09-21 17:48:00'),
('172','72','72','Placeat molestiae nihil eveniet qui quidem atque. Temporibus aperiam velit et qui qui culpa doloremque. Excepturi optio sed enim voluptas architecto qui sunt sed.','2000-04-22 16:39:53'),
('173','73','73','Voluptatibus voluptas animi reprehenderit. Sed qui ut corrupti. Quia illum quis pariatur non. Earum dolores ullam totam corporis reprehenderit.','2001-02-19 22:21:16'),
('174','74','74','Sed non ea omnis alias enim enim sapiente. Officia iste et voluptate. Optio molestiae odio accusamus incidunt maxime illo.','1976-04-26 07:23:13'),
('175','75','75','Temporibus a suscipit ut est cumque maiores ea dolores. Velit ea illum quia similique qui deleniti atque ea. Libero voluptatem omnis quia animi quaerat asperiores.','2018-08-04 22:11:55'),
('176','76','76','Et adipisci sed dicta sint in qui. Beatae et delectus velit. Et qui ad repellat sit illum omnis laudantium.','2011-07-07 23:59:11'),
('177','77','77','Saepe alias quis quis necessitatibus cumque dolor. Ullam ducimus quae vel saepe. Nulla voluptatum excepturi rerum fuga ducimus.','2019-06-21 02:11:27'),
('178','78','78','Consequatur aut quis quia officiis. Occaecati illum est voluptas pariatur quaerat odio perspiciatis. Ab blanditiis et nisi autem aliquid. Perspiciatis ut corrupti ipsam est. Veritatis dolor iusto soluta quae itaque voluptatibus.','2009-06-04 18:09:03'),
('179','79','79','Ducimus aut rem earum nemo rerum ratione qui. Dolore perferendis necessitatibus at alias. Ut exercitationem eius ut velit totam quis. Unde odio laboriosam voluptatem in.','1996-04-03 22:01:57'),
('180','80','80','Vero molestiae voluptas facere facilis consectetur. Laudantium qui officia aut animi veniam quisquam. At ut nihil aliquam aut tempora est.','1995-07-17 13:52:32'),
('181','81','81','Eius velit tempora quibusdam nihil cum. Quam repellendus voluptatem aut aut. Occaecati dignissimos dolores consequatur amet. Temporibus sequi nulla fuga id repudiandae possimus.','2009-05-22 21:14:18'),
('182','82','82','Provident fugit veritatis mollitia ut hic quos atque. Provident doloremque voluptatem sint. Illum nihil temporibus nihil dolorem. Corporis eum sit dolor voluptate non numquam sunt. Perspiciatis tempora voluptas eveniet ducimus ducimus qui.','1979-07-23 15:45:48'),
('183','83','83','Et adipisci nostrum enim recusandae et nobis rerum. Nobis ut error eveniet nesciunt quidem sed. Non quasi ut maxime eligendi. Consequatur rerum architecto est similique iure laborum quam.','1987-11-07 09:38:24'),
('184','84','84','Error harum dolor unde tenetur odit at minus. Quia ab minus rerum nemo eligendi nihil et. Ex ut autem voluptates esse cum qui. Aut nemo nisi velit corrupti nihil consequuntur aut provident.','2016-01-22 22:30:36'),
('185','85','85','Non ad aliquid ipsum atque et adipisci placeat eligendi. Unde voluptatem est libero occaecati nihil. Cupiditate enim quisquam doloribus. Ex eaque voluptate cumque vitae hic voluptatibus.','1972-01-08 02:26:37'),
('186','86','86','Esse sapiente quo culpa et ipsam voluptatum. Amet hic aspernatur enim. Necessitatibus eum nam omnis sequi in iste et. Sed et id aut et sequi sed.','1987-08-12 15:12:50'),
('187','87','87','Nisi laborum expedita aliquam et nemo. Quia doloribus in sed quis. Consequatur itaque tenetur voluptatem corporis. Sapiente magni possimus iste quae molestiae ut. Tempora enim nobis ea earum.','1979-11-08 05:09:58'),
('188','88','88','Saepe eum nulla aut illum doloremque aut asperiores. Fuga sunt cum blanditiis expedita voluptatem ab id. Repellendus quia sed pariatur dolor error. Eum officiis similique quod sunt.','1981-04-11 11:55:55'),
('189','89','89','Quo numquam amet libero maxime cum fuga. Praesentium explicabo sit et praesentium animi magni. Doloribus quo ea asperiores optio quod dolorem voluptatibus aut.','2000-03-15 21:00:49'),
('190','90','90','Reiciendis provident incidunt et quam alias a id cupiditate. Reiciendis id odit eaque perspiciatis vitae cum. Harum officiis magnam totam nihil. Soluta quod deleniti assumenda et qui placeat.','1974-12-18 11:07:19'),
('191','91','91','Eius est at quia et sapiente ad necessitatibus. Neque fugit debitis adipisci modi. Perspiciatis velit nisi consequatur laudantium sint. Omnis sint voluptatum est cupiditate.','1986-10-15 08:51:17'),
('192','92','92','Adipisci voluptatem aspernatur nihil laudantium. Incidunt voluptatem enim eius minus et voluptatum. Nemo magni possimus aspernatur ea. Minima iure quas commodi labore alias qui.','2000-06-11 03:19:07'),
('193','93','93','Quo magni quod sunt voluptatem fugiat quidem. Sint maxime rerum corrupti. Dicta inventore doloribus laboriosam earum. Temporibus rerum odio quos adipisci et tempore. Quos dolorum aut aliquam dolore aut dignissimos.','1976-10-14 17:20:53'),
('194','94','94','Deserunt reprehenderit quia nobis tempora est. Nostrum in perferendis quis velit quis natus molestiae. Eius sint omnis eos facilis repudiandae vel.','1989-09-10 09:57:42'); 


DROP TABLE IF EXISTS `music`;
CREATE TABLE `music` (
  `id` bigint(20) unsigned NOT NULL AUTO_INCREMENT,
  `media_id` bigint(20) unsigned NOT NULL,
  `name` varchar(255) COLLATE utf8_unicode_ci NOT NULL,
  `artist_id` bigint(20) unsigned DEFAULT NULL,
  `album_id` bigint(20) unsigned DEFAULT NULL,
  `liryc` text COLLATE utf8_unicode_ci DEFAULT NULL,
  PRIMARY KEY (`id`),
  KEY `media_id` (`media_id`),
  KEY `artist_id` (`artist_id`),
  KEY `album_id` (`album_id`),
  KEY `name` (`name`,`artist_id`),
  CONSTRAINT `music_ibfk_1` FOREIGN KEY (`media_id`) REFERENCES `media` (`id`),
  CONSTRAINT `music_ibfk_2` FOREIGN KEY (`artist_id`) REFERENCES `artists` (`id`),
  CONSTRAINT `music_ibfk_3` FOREIGN KEY (`album_id`) REFERENCES `music_albums` (`id`)
) ENGINE=InnoDB AUTO_INCREMENT=90 DEFAULT CHARSET=utf8 COLLATE=utf8_unicode_ci;

INSERT INTO `music` VALUES ('1','1','corrupti','1','1',NULL),
('2','2','facilis','2','2',NULL),
('3','3','qui','3','3',NULL),
('4','4','et','4','4',NULL),
('5','5','quis','5','5',NULL),
('6','6','qui','6','6',NULL),
('7','7','quia','7','7',NULL),
('8','8','unde','8','8',NULL),
('9','9','voluptate','9','9',NULL),
('10','10','eveniet','10','10',NULL),
('11','11','dolor','11','11',NULL),
('12','12','repellat','12','12',NULL),
('13','13','dolor','13','13',NULL),
('14','14','ducimus','1','14',NULL),
('15','15','consequatur','2','15',NULL),
('16','16','eos','3','16',NULL),
('17','17','veniam','4','17',NULL),
('18','18','placeat','5','18',NULL),
('19','19','sed','6','19',NULL),
('20','20','quod','7','20',NULL),
('21','21','dolorem','8','21',NULL),
('22','22','similique','9','22',NULL),
('23','23','ut','10','23',NULL),
('24','24','qui','11','24',NULL),
('25','25','qui','12','25',NULL),
('26','26','quis','13','26',NULL),
('27','27','accusamus','1','27',NULL),
('28','28','culpa','2','28',NULL),
('29','29','officia','3','29',NULL),
('30','30','et','4','30',NULL),
('31','31','nihil','5','1',NULL),
('32','32','aut','6','2',NULL),
('33','33','nam','7','3',NULL),
('34','34','labore','8','4',NULL),
('35','35','et','9','5',NULL),
('36','36','cupiditate','10','6',NULL),
('37','37','esse','11','7',NULL),
('38','38','placeat','12','8',NULL),
('39','39','minima','13','9',NULL),
('40','40','ut','1','10',NULL),
('41','41','tempora','2','11',NULL),
('42','42','quos','3','12',NULL),
('43','43','et','4','13',NULL),
('44','44','labore','5','14',NULL),
('45','45','odio','6','15',NULL),
('46','46','quas','7','16',NULL),
('47','47','rerum','8','17',NULL),
('48','48','nobis','9','18',NULL),
('49','49','voluptas','10','19',NULL),
('50','50','blanditiis','11','20',NULL),
('51','51','consequatur','12','21',NULL),
('52','52','asperiores','13','22',NULL),
('53','53','architecto','1','23',NULL),
('54','54','sed','2','24',NULL),
('55','55','ipsam','3','25',NULL),
('56','56','aspernatur','4','26',NULL),
('57','57','et','5','27',NULL),
('58','58','distinctio','6','28',NULL),
('59','59','veritatis','7','29',NULL),
('60','60','rem','8','30',NULL),
('61','61','eum','9','1',NULL),
('62','62','ipsam','10','2',NULL),
('63','63','quia','11','3',NULL),
('64','64','repellendus','12','4',NULL),
('65','65','sit','13','5',NULL),
('66','66','reiciendis','1','6',NULL),
('67','67','animi','2','7',NULL),
('68','68','suscipit','3','8',NULL),
('69','69','ea','4','9',NULL),
('70','70','veniam','5','10',NULL),
('71','71','totam','6','11',NULL),
('72','72','eos','7','12',NULL),
('73','73','minus','8','13',NULL),
('74','74','culpa','9','14',NULL),
('75','75','commodi','10','15',NULL),
('76','76','soluta','11','16',NULL),
('77','77','quia','12','17',NULL),
('78','78','libero','13','18',NULL),
('79','79','asperiores','1','19',NULL),
('80','80','quas','2','20',NULL),
('81','81','consequatur','3','21',NULL),
('82','82','omnis','4','22',NULL),
('83','83','et','5','23',NULL),
('84','84','non','6','24',NULL),
('85','85','earum','7','25',NULL),
('86','86','optio','8','26',NULL),
('87','87','quaerat','9','27',NULL),
('88','88','quo','10','28',NULL),
('89','89','ab','11','29',NULL); 


DROP TABLE IF EXISTS `music_albums`;
CREATE TABLE `music_albums` (
  `id` bigint(20) unsigned NOT NULL AUTO_INCREMENT,
  `name` varchar(255) COLLATE utf8_unicode_ci NOT NULL,
  `artist_id` bigint(20) unsigned DEFAULT NULL,
  `year` int(10) unsigned DEFAULT NULL,
  PRIMARY KEY (`id`),
  KEY `artist_id` (`artist_id`),
  CONSTRAINT `music_albums_ibfk_1` FOREIGN KEY (`artist_id`) REFERENCES `artists` (`id`)
) ENGINE=InnoDB AUTO_INCREMENT=31 DEFAULT CHARSET=utf8 COLLATE=utf8_unicode_ci;

INSERT INTO `music_albums` VALUES ('1','error','1','1999'),
('2','sunt','2','1971'),
('3','ad','3','2013'),
('4','aliquid','4','2004'),
('5','nulla','5','1995'),
('6','nulla','6','1971'),
('7','dolorum','7','1986'),
('8','quae','8','2018'),
('9','facilis','9','1994'),
('10','eveniet','10','2019'),
('11','eos','11','1979'),
('12','iusto','12','1989'),
('13','iusto','13','2011'),
('14','suscipit','1','1981'),
('15','est','2','2015'),
('16','necessitatibus','3','2004'),
('17','voluptatem','4','2011'),
('18','consequuntur','5','1983'),
('19','in','6','1982'),
('20','ea','7','1994'),
('21','voluptatibus','8','2004'),
('22','qui','9','1981'),
('23','facilis','10','2011'),
('24','dolorum','11','1979'),
('25','vitae','12','1992'),
('26','aut','13','1987'),
('27','voluptas','1','1988'),
('28','laborum','2','2012'),
('29','impedit','3','1988'),
('30','et','4','1986'); 


DROP TABLE IF EXISTS `photo_albums`;
CREATE TABLE `photo_albums` (
  `id` bigint(20) unsigned NOT NULL AUTO_INCREMENT,
  `name` varchar(255) COLLATE utf8_unicode_ci DEFAULT NULL,
  `user_id` bigint(20) unsigned DEFAULT NULL,
  PRIMARY KEY (`id`),
  UNIQUE KEY `id` (`id`),
  KEY `user_id` (`user_id`),
  CONSTRAINT `photo_albums_ibfk_1` FOREIGN KEY (`user_id`) REFERENCES `users` (`id`)
) ENGINE=InnoDB AUTO_INCREMENT=26 DEFAULT CHARSET=utf8 COLLATE=utf8_unicode_ci;

INSERT INTO `photo_albums` VALUES ('1','explicabo','1'),
('2','sed','2'),
('3','eos','3'),
('4','minus','4'),
('5','sed','5'),
('6','et','6'),
('7','nihil','7'),
('8','voluptatem','8'),
('9','et','9'),
('10','recusandae','10'),
('11','itaque','11'),
('12','occaecati','12'),
('13','aut','13'),
('14','necessitatibus','14'),
('15','veritatis','15'),
('16','reprehenderit','16'),
('17','quo','17'),
('18','veniam','18'),
('19','eum','19'),
('20','et','20'),
('21','aut','21'),
('22','est','22'),
('23','ducimus','23'),
('24','quia','24'),
('25','autem','25'); 


DROP TABLE IF EXISTS `photos`;
CREATE TABLE `photos` (
  `id` bigint(20) unsigned NOT NULL AUTO_INCREMENT,
  `album_id` bigint(20) unsigned NOT NULL,
  `media_id` bigint(20) unsigned NOT NULL,
  PRIMARY KEY (`id`),
  KEY `album_id` (`album_id`),
  KEY `media_id` (`media_id`),
  CONSTRAINT `photos_ibfk_1` FOREIGN KEY (`album_id`) REFERENCES `photo_albums` (`id`),
  CONSTRAINT `photos_ibfk_2` FOREIGN KEY (`media_id`) REFERENCES `media` (`id`)
) ENGINE=InnoDB AUTO_INCREMENT=101 DEFAULT CHARSET=utf8 COLLATE=utf8_unicode_ci;

INSERT INTO `photos` VALUES ('1','1','1'),
('2','2','2'),
('3','3','3'),
('4','4','4'),
('5','5','5'),
('6','6','6'),
('7','7','7'),
('8','8','8'),
('9','9','9'),
('10','10','10'),
('11','11','11'),
('12','12','12'),
('13','13','13'),
('14','14','14'),
('15','15','15'),
('16','16','16'),
('17','17','17'),
('18','18','18'),
('19','19','19'),
('20','20','20'),
('21','21','21'),
('22','22','22'),
('23','23','23'),
('24','24','24'),
('25','25','25'),
('26','1','26'),
('27','2','27'),
('28','3','28'),
('29','4','29'),
('30','5','30'),
('31','6','31'),
('32','7','32'),
('33','8','33'),
('34','9','34'),
('35','10','35'),
('36','11','36'),
('37','12','37'),
('38','13','38'),
('39','14','39'),
('40','15','40'),
('41','16','41'),
('42','17','42'),
('43','18','43'),
('44','19','44'),
('45','20','45'),
('46','21','46'),
('47','22','47'),
('48','23','48'),
('49','24','49'),
('50','25','50'),
('51','1','51'),
('52','2','52'),
('53','3','53'),
('54','4','54'),
('55','5','55'),
('56','6','56'),
('57','7','57'),
('58','8','58'),
('59','9','59'),
('60','10','60'),
('61','11','61'),
('62','12','62'),
('63','13','63'),
('64','14','64'),
('65','15','65'),
('66','16','66'),
('67','17','67'),
('68','18','68'),
('69','19','69'),
('70','20','70'),
('71','21','71'),
('72','22','72'),
('73','23','73'),
('74','24','74'),
('75','25','75'),
('76','1','76'),
('77','2','77'),
('78','3','78'),
('79','4','79'),
('80','5','80'),
('81','6','81'),
('82','7','82'),
('83','8','83'),
('84','9','84'),
('85','10','85'),
('86','11','86'),
('87','12','87'),
('88','13','88'),
('89','14','89'),
('90','15','90'),
('91','16','91'),
('92','17','92'),
('93','18','93'),
('94','19','94'),
('95','20','95'),
('96','21','96'),
('97','22','97'),
('98','23','98'),
('99','24','99'),
('100','25','100'); 


DROP TABLE IF EXISTS `profiles`;
CREATE TABLE `profiles` (
  `user_id` bigint(20) unsigned NOT NULL AUTO_INCREMENT,
  `gender` char(1) COLLATE utf8_unicode_ci DEFAULT NULL,
  `birthday` date DEFAULT NULL,
  `photo_id` bigint(20) unsigned DEFAULT NULL,
  `created_at` datetime DEFAULT current_timestamp(),
  `hometown` varchar(100) COLLATE utf8_unicode_ci DEFAULT NULL,
  PRIMARY KEY (`user_id`),
  CONSTRAINT `profiles_ibfk_1` FOREIGN KEY (`user_id`) REFERENCES `users` (`id`) ON UPDATE CASCADE
) ENGINE=InnoDB AUTO_INCREMENT=101 DEFAULT CHARSET=utf8 COLLATE=utf8_unicode_ci;

INSERT INTO `profiles` VALUES ('1',NULL,'2001-05-12','1','2009-10-19 09:11:52',NULL),
('2',NULL,'1977-10-02','2','1978-12-15 06:22:11',NULL),
('3',NULL,'1992-01-08','3','2002-10-27 13:17:47',NULL),
('4',NULL,'1990-08-11','4','1971-12-27 08:30:01',NULL),
('5',NULL,'1996-02-25','5','1983-07-12 08:51:38',NULL),
('6',NULL,'2013-02-07','6','2017-08-03 12:03:39',NULL),
('7',NULL,'2000-03-20','7','1999-01-04 12:21:02',NULL),
('8',NULL,'2012-06-18','8','1974-03-05 11:35:48',NULL),
('9',NULL,'2001-02-04','9','2005-06-21 13:03:32',NULL),
('10',NULL,'1988-03-12','10','1998-09-22 02:03:00',NULL),
('11',NULL,'1974-10-25','11','2003-05-23 02:14:39',NULL),
('12',NULL,'2011-05-24','12','2011-08-06 02:21:48',NULL),
('13',NULL,'1974-04-03','13','1989-06-13 00:11:32',NULL),
('14',NULL,'2003-03-01','14','1986-01-16 05:30:01',NULL),
('15',NULL,'1974-05-19','15','1998-04-05 22:07:02',NULL),
('16',NULL,'1992-10-01','16','1971-04-16 05:32:27',NULL),
('17',NULL,'1990-10-20','17','1979-07-04 13:59:19',NULL),
('18',NULL,'1989-08-06','18','1993-08-27 16:47:16',NULL),
('19',NULL,'1994-09-22','19','2019-02-05 20:36:36',NULL),
('20',NULL,'2003-03-08','20','1985-03-01 10:35:07',NULL),
('21',NULL,'2009-06-10','21','1983-09-29 09:02:57',NULL),
('22',NULL,'1998-08-30','22','2010-10-15 05:36:42',NULL),
('23',NULL,'2003-09-02','23','2000-07-12 12:35:58',NULL),
('24',NULL,'2001-04-07','24','1976-09-26 17:43:41',NULL),
('25',NULL,'1980-05-19','25','1987-10-22 21:16:29',NULL),
('26',NULL,'2008-03-30','26','2016-12-31 10:05:51',NULL),
('27',NULL,'2006-02-28','27','2011-04-09 17:54:44',NULL),
('28',NULL,'1976-01-03','28','1976-10-22 03:52:33',NULL),
('29',NULL,'1997-12-04','29','1981-10-18 02:42:43',NULL),
('30',NULL,'2000-02-10','30','1970-04-22 01:09:57',NULL),
('31',NULL,'1995-11-23','31','1983-11-07 19:51:44',NULL),
('32',NULL,'1994-11-24','32','1999-05-08 12:10:38',NULL),
('33',NULL,'1993-11-22','33','1970-01-17 02:11:49',NULL),
('34',NULL,'2005-10-24','34','1994-04-17 02:49:15',NULL),
('35',NULL,'1981-01-28','35','1993-08-06 08:05:25',NULL),
('36',NULL,'2017-09-21','36','2011-08-24 05:08:07',NULL),
('37',NULL,'1998-03-24','37','1985-02-01 20:04:06',NULL),
('38',NULL,'2002-10-21','38','1993-05-23 13:16:44',NULL),
('39',NULL,'1989-04-10','39','1980-08-15 15:00:10',NULL),
('40',NULL,'2000-12-09','40','2006-12-23 04:41:02',NULL),
('41',NULL,'1994-04-28','41','1983-05-17 10:12:34',NULL),
('42',NULL,'2004-04-08','42','2000-04-24 07:51:24',NULL),
('43',NULL,'1993-07-27','43','1982-07-25 23:56:02',NULL),
('44',NULL,'2000-11-27','44','1983-08-09 07:54:04',NULL),
('45',NULL,'1995-03-09','45','1994-12-22 06:55:49',NULL),
('46',NULL,'1994-05-29','46','1985-10-09 20:36:50',NULL),
('47',NULL,'1997-01-03','47','1991-01-31 16:02:43',NULL),
('48',NULL,'1995-02-03','48','2000-11-29 22:19:01',NULL),
('49',NULL,'1971-05-28','49','1997-09-05 14:59:14',NULL),
('50',NULL,'1975-06-24','50','2001-07-03 23:05:37',NULL),
('51',NULL,'1980-04-08','51','1975-04-10 12:50:24',NULL),
('52',NULL,'1989-01-28','52','1970-07-29 16:36:21',NULL),
('53',NULL,'1992-10-01','53','1987-06-20 00:18:58',NULL),
('54',NULL,'2015-05-23','54','2014-09-08 21:29:31',NULL),
('55',NULL,'1973-02-22','55','1979-08-28 13:02:55',NULL),
('56',NULL,'1992-01-03','56','2004-06-17 17:42:09',NULL),
('57',NULL,'2005-01-09','57','1996-01-21 13:05:24',NULL),
('58',NULL,'2004-05-07','58','1994-09-30 06:34:13',NULL),
('59',NULL,'1985-04-08','59','1987-06-19 04:03:46',NULL),
('60',NULL,'1978-10-23','60','1972-02-01 18:42:28',NULL),
('61',NULL,'2011-10-20','61','1995-04-28 07:45:33',NULL),
('62',NULL,'1996-01-08','62','2004-02-27 17:11:25',NULL),
('63',NULL,'1993-09-21','63','2011-08-26 23:05:56',NULL),
('64',NULL,'1972-11-16','64','1998-09-14 21:43:21',NULL),
('65',NULL,'1977-08-23','65','1981-01-27 04:35:19',NULL),
('66',NULL,'2019-08-09','66','1994-01-12 13:08:51',NULL),
('67',NULL,'2016-10-10','67','1990-04-20 04:48:55',NULL),
('68',NULL,'2012-11-19','68','2001-12-28 13:40:57',NULL),
('69',NULL,'2005-10-28','69','2008-09-01 12:06:26',NULL),
('70',NULL,'1984-08-03','70','2000-10-10 17:00:42',NULL),
('71',NULL,'1985-12-06','71','1996-09-11 18:16:05',NULL),
('72',NULL,'2016-06-29','72','2017-04-05 10:56:13',NULL),
('73',NULL,'2009-02-02','73','1989-12-09 04:50:32',NULL),
('74',NULL,'1989-12-23','74','1981-08-13 10:26:53',NULL),
('75',NULL,'2018-04-13','75','1986-02-16 04:25:46',NULL),
('76',NULL,'1974-10-21','76','1981-12-05 08:26:32',NULL),
('77',NULL,'1980-11-10','77','1983-05-25 22:53:29',NULL),
('78',NULL,'1972-05-04','78','2016-04-05 21:40:21',NULL),
('79',NULL,'1990-01-20','79','1979-01-18 11:59:32',NULL),
('80',NULL,'2015-06-21','80','1995-09-21 05:27:46',NULL),
('81',NULL,'2019-02-04','81','2004-08-19 19:07:51',NULL),
('82',NULL,'1974-01-10','82','2008-03-10 01:31:25',NULL),
('83',NULL,'1971-06-10','83','1979-03-17 17:55:22',NULL),
('84',NULL,'2002-08-01','84','2018-12-31 19:47:53',NULL),
('85',NULL,'1986-03-01','85','1980-09-17 13:47:40',NULL),
('86',NULL,'1973-02-11','86','2007-09-21 18:17:11',NULL),
('87',NULL,'2000-11-05','87','1984-06-22 14:07:08',NULL),
('88',NULL,'1998-11-21','88','1975-01-18 02:04:13',NULL),
('89',NULL,'1982-01-22','89','1998-12-22 16:57:56',NULL),
('90',NULL,'2018-06-15','90','1994-02-11 01:44:28',NULL),
('91',NULL,'1989-09-21','91','2011-05-16 02:08:39',NULL),
('92',NULL,'2013-08-19','92','1992-01-04 08:27:51',NULL),
('93',NULL,'1994-08-30','93','1983-02-18 00:32:50',NULL),
('94',NULL,'1985-08-19','94','1979-12-24 22:35:58',NULL),
('95',NULL,'1986-10-03','95','2004-10-02 18:30:02',NULL),
('96',NULL,'2008-08-02','96','1996-12-09 04:17:02',NULL),
('97',NULL,'2006-03-04','97','1974-04-20 06:00:26',NULL),
('98',NULL,'2010-09-12','98','1978-06-16 00:46:43',NULL),
('99',NULL,'2001-02-18','99','2013-06-25 00:45:25',NULL),
('100',NULL,'2006-11-06','100','2018-08-02 19:13:20',NULL); 


DROP TABLE IF EXISTS `users`;
CREATE TABLE `users` (
  `id` bigint(20) unsigned NOT NULL AUTO_INCREMENT,
  `firstname` varchar(50) COLLATE utf8_unicode_ci DEFAULT NULL,
  `lastname` varchar(50) COLLATE utf8_unicode_ci DEFAULT NULL COMMENT '',
  `email` varchar(120) COLLATE utf8_unicode_ci DEFAULT NULL,
  `phone` bigint(20) DEFAULT NULL,
  PRIMARY KEY (`id`),
  UNIQUE KEY `email` (`email`),
  KEY `users_phone_idx` (`phone`),
  KEY `users_firstname_lastname_idx` (`firstname`,`lastname`)
) ENGINE=InnoDB AUTO_INCREMENT=101 DEFAULT CHARSET=utf8 COLLATE=utf8_unicode_ci;

INSERT INTO `users` VALUES ('1','Jacey','Mills','kari48@example.com','807'),
('2','Barton','Greenholt','crystal.emmerich@example.com','1'),
('3','Uriah','Rosenbaum','kelton.feeney@example.com','595138150'),
('4','Zackery','Ondricka','rosenbaum.misael@example.com','1'),
('5','Ressie','Larson','feil.coralie@example.com','71'),
('6','Magdalena','Padberg','heaney.madisyn@example.org','1'),
('7','Russel','West','rkihn@example.com','387636'),
('8','Karli','Sauer','dhalvorson@example.com','502354'),
('9','Richie','Johnson','vferry@example.org','99'),
('10','Lucile','Rodriguez','anika22@example.com','67'),
('11','Henriette','Ferry','tiara.powlowski@example.org','231'),
('12','Litzy','Bradtke','renner.kaitlyn@example.net','84'),
('13','Mckenna','Bradtke','lukas73@example.org','101870'),
('14','Davonte','Price','kub.clifton@example.com','634716'),
('15','Collin','Bayer','jeromy28@example.org','1'),
('16','Emilia','Sauer','simone.funk@example.net','91879'),
('17','Neha','Jacobi','garth09@example.net','0'),
('18','River','Kozey','lkoelpin@example.org','269418'),
('19','Kianna','Predovic','abernathy.kamryn@example.org','1'),
('20','Gordon','Sporer','aurelie.champlin@example.org','732'),
('21','Toby','Rodriguez','blanca82@example.net','0'),
('22','Isac','Rosenbaum','xrippin@example.net','1'),
('23','Vickie','Fadel','hope12@example.org','255156'),
('24','Amie','Lockman','kyler.witting@example.org','0'),
('25','Ludie','Bailey','maybell.lockman@example.org','421'),
('26','Barry','Russel','ihamill@example.net','407726'),
('27','Trevor','Stoltenberg','ltromp@example.net','0'),
('28','Cletus','Wyman','msenger@example.org','1'),
('29','Haylie','Ratke','kevon.blanda@example.org','819152'),
('30','Nakia','Larson','aryanna88@example.org','0'),
('31','Lorenz','Hodkiewicz','gabriel14@example.net','389'),
('32','Sonny','Eichmann','lo\'conner@example.com','831'),
('33','Christelle','Barrows','ukris@example.com','0'),
('34','Barbara','Funk','gmckenzie@example.com','19'),
('35','Arno','Mraz','earl.mertz@example.net','711154'),
('36','Arne','McLaughlin','adams.sabina@example.com','8470011278'),
('37','Madaline','Nolan','clyde22@example.org','1'),
('38','Vivienne','Bartoletti','jaquelin95@example.com','3034083574'),
('39','Aida','Parker','ruth.doyle@example.net','1'),
('40','Kallie','Dach','reichel.emmy@example.org','286'),
('41','Elyse','Hirthe','mary.hoeger@example.org','0'),
('42','Talia','Lesch','reichert.isabella@example.com','0'),
('43','Marjolaine','Rogahn','delphia30@example.com','16'),
('44','Sophia','Kertzmann','emanuel83@example.com','0'),
('45','Katherine','Kshlerin','turner.winston@example.com','138437'),
('46','Susie','Koch','mellie20@example.net','0'),
('47','Jerod','Herman','madisyn91@example.org','0'),
('48','Jessyca','Glover','suzanne77@example.com','506'),
('49','Clyde','Ankunding','violet.christiansen@example.org','1'),
('50','Augustine','Wintheiser','tod33@example.com','44'),
('51','Kenny','Goyette','edwardo79@example.net','258'),
('52','Aurelia','Fritsch','qkozey@example.net','0'),
('53','Reuben','Vandervort','lconroy@example.net','0'),
('54','Fletcher','Bode','aron.cruickshank@example.org','1'),
('55','Violet','Hahn','daugherty.samantha@example.com','1176205898'),
('56','Steve','Bashirian','wava.kuphal@example.com','4063300180'),
('57','Dannie','Pouros','ettie15@example.org','679'),
('58','Lula','Orn','jspinka@example.com','262'),
('59','Mina','Olson','cwilliamson@example.org','1'),
('60','Viola','Herzog','eharvey@example.net','322'),
('61','Estella','Fritsch','mann.jacinto@example.org','0'),
('62','Tomasa','Monahan','ldaugherty@example.org','172321'),
('63','Jerry','Runolfsdottir','amya.boehm@example.net','1'),
('64','Brooklyn','Mante','bergstrom.dora@example.com','778'),
('65','Eriberto','Runte','mariam22@example.org','0'),
('66','Torrance','Willms','lenore.huel@example.net','959'),
('67','Elizabeth','Upton','hermann.shanna@example.net','0'),
('68','Roslyn','Cruickshank','yvandervort@example.com','9716171783'),
('69','Armand','Schultz','blair.kub@example.com','325487'),
('70','Jaylen','Reichert','nstracke@example.org','793957'),
('71','Felicita','Jacobs','lisa15@example.org','805281'),
('72','Juwan','Schneider','shanna66@example.net','0'),
('73','Katelin','Lang','lelia.king@example.com','1'),
('74','Ewald','Collier','adach@example.net','926367'),
('75','Ofelia','Doyle','lelah76@example.net','13'),
('76','Pattie','Pollich','pmosciski@example.net','0'),
('77','Hilario','Kuhlman','mavis47@example.org','194'),
('78','Willis','Fahey','joany03@example.com','0'),
('79','Ezequiel','Bayer','declan90@example.com','1'),
('80','Willow','Casper','jenkins.camila@example.net','871296'),
('81','Luna','Marvin','abbott.yvonne@example.com','586'),
('82','Rebecca','Huels','breitenberg.herta@example.org','1'),
('83','Amira','Mohr','kiley05@example.net','1'),
('84','Lincoln','Hodkiewicz','ykuhlman@example.net','5640761664'),
('85','Hannah','Wuckert','khomenick@example.com','867716'),
('86','Lysanne','Veum','wolff.florence@example.net','1'),
('87','Efren','Kovacek','armando68@example.net','1'),
('88','Noemie','West','kirlin.rico@example.com','8628778388'),
('89','Darion','Smith','walsh.trace@example.net','0'),
('90','Cydney','Stracke','dameon48@example.net','752'),
('91','Elisha','Brown','daniel.hank@example.net','347'),
('92','Mollie','Hintz','dsteuber@example.com','427'),
('93','Brandyn','Ruecker','hmoore@example.org','1'),
('94','Shemar','Kozey','karlee.barton@example.com','76'),
('95','Pablo','Balistreri','carmen34@example.org','1'),
('96','Serenity','Yost','rafaela94@example.org','242124'),
('97','Reba','Stracke','kieran01@example.org','841761'),
('98','Angelita','Wisoky','daphney.stracke@example.org','616069'),
('99','Kamryn','Sauer','clotilde97@example.com','4561'),
('100','Cassie','Zieme','margie39@example.com','618'); 


DROP TABLE IF EXISTS `users_communities`;
CREATE TABLE `users_communities` (
  `user_id` bigint(20) unsigned NOT NULL,
  `community_id` bigint(20) unsigned NOT NULL,
  PRIMARY KEY (`user_id`,`community_id`),
  KEY `community_id` (`community_id`),
  CONSTRAINT `users_communities_ibfk_1` FOREIGN KEY (`user_id`) REFERENCES `users` (`id`),
  CONSTRAINT `users_communities_ibfk_2` FOREIGN KEY (`community_id`) REFERENCES `communities` (`id`)
) ENGINE=InnoDB DEFAULT CHARSET=utf8 COLLATE=utf8_unicode_ci;

INSERT INTO `users_communities` VALUES ('1','1'),
('2','2'),
('3','3'),
('4','4'),
('5','5'),
('6','6'),
('7','7'),
('8','8'),
('9','9'),
('10','10'),
('11','11'),
('12','12'),
('13','13'),
('14','14'),
('15','15'),
('16','16'),
('17','17'),
('18','18'),
('19','19'),
('20','20'),
('21','21'),
('22','22'),
('23','23'),
('24','24'),
('25','25'),
('26','1'),
('27','2'),
('28','3'),
('29','4'),
('30','5'),
('31','6'),
('32','7'),
('33','8'),
('34','9'),
('35','10'),
('36','11'),
('37','12'),
('38','13'),
('39','14'),
('40','15'),
('41','16'),
('42','17'),
('43','18'),
('44','19'),
('45','20'),
('46','21'),
('47','22'),
('48','23'),
('49','24'),
('50','25'),
('51','1'),
('52','2'),
('53','3'),
('54','4'),
('55','5'),
('56','6'),
('57','7'),
('58','8'),
('59','9'),
('60','10'),
('61','11'),
('62','12'),
('63','13'),
('64','14'),
('65','15'),
('66','16'),
('67','17'),
('68','18'),
('69','19'),
('70','20'),
('71','21'),
('72','22'),
('73','23'),
('74','24'),
('75','25'),
('76','1'),
('77','2'),
('78','3'),
('79','4'),
('80','5'),
('81','6'),
('82','7'),
('83','8'),
('84','9'),
('85','10'),
('86','11'),
('87','12'),
('88','13'),
('89','14'),
('90','15'),
('91','16'),
('92','17'),
('93','18'),
('94','19'),
('95','20'),
('96','21'),
('97','22'),
('98','23'),
('99','24'),
('100','25'); 




/*!40101 SET SQL_MODE=@OLD_SQL_MODE */;
/*!40014 SET FOREIGN_KEY_CHECKS=@OLD_FOREIGN_KEY_CHECKS */;
/*!40014 SET UNIQUE_CHECKS=@OLD_UNIQUE_CHECKS */;
/*!40101 SET CHARACTER_SET_CLIENT=@OLD_CHARACTER_SET_CLIENT */;
/*!40101 SET CHARACTER_SET_RESULTS=@OLD_CHARACTER_SET_RESULTS */;
/*!40101 SET COLLATION_CONNECTION=@OLD_COLLATION_CONNECTION */;
/*!40111 SET SQL_NOTES=@OLD_SQL_NOTES */;

